,HouseId,date,number of rooms,security level of the community,residence space,building space,noise level,waterfront,view,air quality level,aboveground space,basement space,building year,decoration year,district,city,zip code,region,lat,lng,exchange rate,avg_totalcost_city,avg_totalcost_zipcode,total cost,price range
0,1,2014/5/2 0:00,4,2.5,2920,4000,1.5,0,0,5,1910,1010,1909,1988,3838-4098 44th Ave NE,Seattle,WA 98105,USA,47.6563337,-122.2797122,6.711047847,524736.3964,781323.7677,,4
1,2,2014/5/2 0:00,2,1.0,800,4850,1.0,0,0,4,800,0,1944,0,4801-4899 6th Ave NW,Seattle,WA 98107,USA,47.6640238,-122.3640033,6.645781719,524736.3964,557869.4872,,2
2,3,2014/5/2 0:00,2,1.0,880,6380,1.0,0,0,3,880,0,1938,1994,522 NE 88th St,Seattle,WA 98115,USA,47.6923873,-122.3220679,6.224347843,524736.3964,608512.0641,,2
3,4,2014/5/2 0:00,5,2.5,3650,9050,2.0,0,4,5,3370,280,1921,0,709 W Blaine St,Seattle,WA 98119,USA,47.6345502,-122.3669268,6.668946083,524736.3964,748575.3623,,4
4,5,2014/5/3 0:00,2,1.0,900,5000,1.0,0,0,3,900,0,1944,0,8053 29th Ave NW,Seattle,WA 98117,USA,47.6883338,-122.3947028,7.244342654,524736.3964,566274.0135,,2
5,6,2014/5/5 0:00,2,3.0,1270,1175,2.0,0,0,3,1110,160,2000,0,1411 N 48th St,Seattle,WA 98103,USA,47.6632865,-122.3400396,6.973481632,524736.3964,562231.5262,,2
6,7,2014/5/5 0:00,4,1.75,2010,3600,1.5,0,0,3,2010,0,1902,0,1014 W Garfield St,Seattle,WA 98119,USA,47.6337328,-122.3711779,6.05366603,524736.3964,748575.3623,,4
7,8,2014/5/5 0:00,3,1.75,1480,2185,2.5,0,0,3,1480,0,2005,0,10512 128th Ave NE,Kirkland,WA 98033,USA,47.6945527,-122.1699573,6.853835321,608873.5936,778952.6428,,2
8,9,2014/5/5 0:00,3,1.0,1330,77972,1.0,0,0,3,1330,0,1928,1954,13615 NE 100th St,Kirkland,WA 98033,USA,47.689213,-122.1590937,6.287845747,608873.5936,778952.6428,,2
9,10,2014/5/5 0:00,2,1.0,1140,5400,1.0,0,0,5,1140,0,1908,0,209 30th Ave E,Seattle,WA 98112,USA,47.6205245,-122.2938083,7.051440652,524736.3964,820713.3333,,2
10,11,2014/5/5 0:00,4,1.0,1390,4240,1.0,0,0,3,1050,340,1924,2011,4312 Woodlawn Ave N,Seattle,WA 98103,USA,47.6596323,-122.3382641,6.069315045,524736.3964,562231.5262,,2
11,12,2014/5/5 0:00,3,1.75,1330,7500,1.0,0,0,3,1330,0,1961,2004,218 109th Ave SE,Bellevue,WA 98004,USA,47.6075039,-122.1948085,7.038320507,744252.1791,1006890.864,,2
12,13,2014/5/5 0:00,2,2.5,2220,4000,2.0,0,0,3,2220,0,2000,0,1857 41st Ave E,Seattle,WA 98112,USA,47.6363948,-122.2799503,6.348727412,524736.3964,820713.3333,,4
13,14,2014/5/5 0:00,4,1.5,1120,5427,1.0,0,0,3,1120,0,1969,2014,19009-19021 SE 266th St,Covington,WA 98042,USA,47.3626289,-122.0875879,6.48967961,265273.8722,313844.4591,,1
14,15,2014/5/6 0:00,2,2.25,1230,929,2.0,0,0,3,1020,210,2004,2003,100 24th Ave E,Seattle,WA 98112,USA,47.6190794,-122.3009506,6.11166957,524736.3964,820713.3333,,2
15,16,2014/5/6 0:00,2,2.0,1100,3000,1.5,0,0,3,1100,0,1912,2005,412 NW 70th St,Seattle,WA 98117,USA,47.6797401,-122.3620884,6.308429244,524736.3964,566274.0135,,2
16,17,2014/5/6 0:00,3,2.5,2200,1970,2.0,0,0,3,1610,590,2008,0,2516 Yale Ave E,Seattle,WA 98102,USA,47.6426602,-122.3268478,7.207385342,524736.3964,894348.4615,,3
17,18,2014/5/6 0:00,5,5.0,4490,10279,2.0,0,0,3,3930,560,2013,1923,1435 104th Ave SE,Bellevue,WA 98004,USA,47.5973088,-122.2022463,6.004270412,744252.1791,1006890.864,,4
18,19,2014/5/6 0:00,2,1.0,1030,4400,1.0,0,0,3,1030,0,1924,2011,310 NW 72nd St,Seattle,WA 98117,USA,47.6809408,-122.3610462,6.207274239,524736.3964,566274.0135,,2
19,20,2014/5/6 0:00,2,1.0,930,36478,1.0,0,2,3,930,0,1951,1994,4206 SE Newport Way,Bellevue,WA 98006,USA,47.5698687,-122.1641612,7.59314026,744252.1791,784563.7119,,2
20,21,2014/5/7 0:00,3,1.75,1680,10500,1.0,0,0,4,1680,0,1959,0,4 128th Ave SE,Bellevue,WA 98005,USA,47.6098065,-122.1690226,6.067397057,744252.1791,782485.5833,,3
21,22,2014/5/7 0:00,2,1.5,1040,3500,1.5,0,0,4,1040,0,1904,0,1713 22nd Ave S,Seattle,WA 98144,USA,47.5880294,-122.3041274,6.380402838,524736.3964,572107.0769,,2
22,23,2014/5/7 0:00,2,1.0,820,681,3.0,0,0,3,820,0,2006,0,513 N 46th St,Seattle,WA 98103,USA,47.6619383,-122.3521211,6.649040436,524736.3964,562231.5262,,2
23,24,2014/5/7 0:00,2,1.0,760,3001,1.0,0,0,3,760,0,1913,1983,1761 17th Ave S,Seattle,WA 98144,USA,47.5873835,-122.3108793,6.031466026,524736.3964,572107.0769,,1
24,25,2014/5/7 0:00,3,2.0,1760,6428,1.0,0,0,4,980,780,1942,1982,2145 Condon Way W,Seattle,WA 98199,USA,47.6388414,-122.3967959,6.052623469,524736.3964,702664.3075,,3
25,26,2014/5/7 0:00,7,4.5,6210,8856,2.5,0,2,5,4760,1450,1910,0,1230 Warren Ave N,Seattle,WA 98109,USA,47.6307535,-122.3538636,7.898497686,524736.3964,883397.7273,,4
26,27,2014/5/7 0:00,4,1.5,2310,13300,1.0,0,0,3,1890,420,1950,2005,9724 NE 14th St,Clyde Hill,WA 98004,USA,47.6231869,-122.2101217,6.685105282,1151600.0,1006890.864,,4
27,28,2014/5/7 0:00,4,2.25,1890,5940,1.0,0,1,3,1470,420,1963,2008,1234 22nd Ave E,Seattle,WA 98112,USA,47.6316279,-122.3032612,7.385951414,524736.3964,820713.3333,,3
28,29,2014/5/7 0:00,3,3.0,2960,5500,2.0,0,2,3,2440,520,1937,1990,3529 W Howe St,Seattle,WA 98199,USA,47.6355328,-122.4021157,6.480445954,524736.3964,702664.3075,,4
29,30,2014/5/7 0:00,2,1.0,1010,3885,1.5,0,0,4,1010,0,1906,1990,331 22nd Ave E,Seattle,WA 98112,USA,47.6223421,-122.3039245,7.036990868,524736.3964,820713.3333,,2
30,31,2014/5/7 0:00,3,1.0,990,6000,1.0,0,0,3,990,0,1943,2002,5628 NE 59th St,Seattle,WA 98105,USA,47.6718305,-122.2670208,6.121722262,524736.3964,781323.7677,,2
31,32,2014/5/7 0:00,2,1.0,820,2723,1.0,0,0,3,820,0,1921,2000,4602 Woodlawn Ave N,Seattle,WA 98103,USA,47.6623017,-122.3389153,6.636799816,524736.3964,562231.5262,,2
32,33,2014/5/8 0:00,5,3.25,2800,3200,1.5,0,0,5,1910,890,1932,2002,365 Halladay St,Seattle,WA 98109,USA,47.6421003,-122.3499561,7.833006588,524736.3964,883397.7273,,4
33,34,2014/5/8 0:00,2,1.5,1110,957,2.0,0,0,3,930,180,2005,0,1417 4th Ave W,Seattle,WA 98119,USA,47.6318405,-122.3621733,7.329605661,524736.3964,748575.3623,,2
34,35,2014/5/8 0:00,4,2.0,1910,6960,1.5,0,0,5,1910,0,1941,0,744 N 83rd St,Seattle,WA 98103,USA,47.6892856,-122.3479812,6.857232777,524736.3964,562231.5262,,3
35,36,2014/5/8 0:00,3,2.75,2015,16807,2.0,1,4,3,2015,0,2007,0,2973-3563 SW 172nd St,Burien,WA 98166,USA,47.4490031,-122.3717033,7.591866497,356927.8881,429520.1492,,4
36,37,2014/5/8 0:00,2,2.5,1360,1349,2.0,0,0,3,1050,310,1997,0,624 Lake Washington Blvd E,Seattle,WA 98112,USA,47.6253985,-122.2919323,6.291376502,524736.3964,820713.3333,,2
37,38,2014/5/8 0:00,6,3.0,3510,5760,2.5,0,0,4,3510,0,1906,1990,806 15th Ave E,Seattle,WA 98112,USA,47.6263152,-122.3122555,7.682120835,524736.3964,820713.3333,,4
38,39,2014/5/8 0:00,2,1.0,1060,4960,1.0,0,0,3,1060,0,1926,2003,8230 Corliss Ave N,Seattle,WA 98103,USA,47.6895989,-122.3307615,6.857748061,524736.3964,562231.5262,,2
39,40,2014/5/8 0:00,2,1.0,980,1179,2.0,0,0,3,980,0,2010,0,2050 14th Ave W,Seattle,WA 98119,USA,47.6381783,-122.3746593,6.139930223,524736.3964,748575.3623,,1
40,41,2014/5/8 0:00,2,1.75,1230,3600,1.5,0,0,5,1230,0,1925,0,2561 3rd Ave W,Seattle,WA 98119,USA,47.6423872,-122.3612749,6.837391519,524736.3964,748575.3623,,2
41,42,2014/5/8 0:00,3,1.75,1320,5750,1.5,0,0,5,1320,0,1918,0,2121 46th Ave SW,Seattle,WA 98116,USA,47.5847902,-122.3908289,6.534098415,524736.3964,631788.2068,,2
42,43,2014/5/8 0:00,3,1.75,2430,12757,1.0,0,2,4,1340,1090,1952,0,9842 Vineyard Crest,Bellevue,WA 98004,USA,47.6198481,-122.2089681,6.817000351,744252.1791,1006890.864,,4
43,44,2014/5/8 0:00,3,1.0,1250,4620,1.5,0,0,4,1150,100,1900,1971,3612 Interlake Ave N,Seattle,WA 98103,USA,47.6510109,-122.341025,6.014355867,524736.3964,562231.5262,,2
44,45,2014/5/8 0:00,4,1.0,2100,9200,1.0,0,0,3,1050,1050,1959,1989,14070 Military Rd S,Tukwila,WA 98168,USA,47.4759525,-122.2917625,6.209305553,258635.3044,235610.8801,,1
45,46,2014/5/9 0:00,3,2.25,3000,11665,1.5,1,4,3,3000,0,2001,0,East Lake Sammamish Trail,Sammamish,WA 98075,USA,47.580157,-122.0760054,6.647959712,684792.1369,742440.3647,,4
46,47,2014/5/12 0:00,5,2.75,3650,20150,1.0,0,0,4,2360,1290,1975,0,1216 86th Ave NE,Bellevue,WA 98004,USA,47.6215518,-122.2243333,6.756307604,744252.1791,1006890.864,,4
47,48,2014/5/12 0:00,2,1.5,830,1333,2.0,0,0,3,830,0,2005,0,5650 Fauntleroy Way SW,Seattle,WA 98136,USA,47.550557,-122.3812282,6.031266048,524736.3964,526090.4439,,2
48,49,2014/5/12 0:00,4,2.5,2350,3150,1.5,0,0,4,1690,660,1910,0,4410 Burke Ave N,Seattle,WA 98103,USA,47.6606715,-122.3346764,6.06964354,524736.3964,562231.5262,,3
49,50,2014/5/12 0:00,3,1.0,980,6380,1.0,0,0,3,760,220,1941,1994,1733 NE 88th St,Seattle,WA 98115,USA,47.6919607,-122.3080207,6.65582715,524736.3964,608512.0641,,2
50,51,2014/5/12 0:00,4,3.25,2330,9687,2.0,0,3,3,2330,0,1918,0,731 McGilvra Blvd E,Seattle,WA 98112,USA,47.6264649,-122.2830686,6.520783008,524736.3964,820713.3333,,4
51,52,2014/5/12 0:00,3,1.75,1560,8078,1.5,1,4,4,1560,0,1928,0,3603 W Mercer Way,Mercer Island,WA 98040,USA,47.577896,-122.2462185,6.429715318,1041572.527,1041572.527,,4
52,53,2014/5/13 0:00,3,1.5,1270,5112,1.0,0,0,3,1270,0,1950,2005,3616 NE 65th St,Seattle,WA 98115,USA,47.6759715,-122.2881335,6.226609981,524736.3964,608512.0641,,2
53,54,2014/5/13 0:00,5,3.25,3370,17458,1.0,0,2,5,2000,1370,1982,0,8126-8196 Forest Ave SE,Mercer Island,WA 98040,USA,47.5597003,-122.229263,7.602568511,1041572.527,1041572.527,,4
54,55,2014/5/13 0:00,4,1.5,2740,4000,2.0,0,0,5,1930,810,1905,0,1707-1713 3rd Ave N,Seattle,WA 98109,USA,47.6343132,-122.3523704,6.605329605,524736.3964,883397.7273,,4
55,56,2014/5/13 0:00,3,1.5,1240,7735,1.0,0,0,4,1240,0,1957,2001,1020 163rd Ave SE,Bellevue,WA 98008,USA,47.601045,-122.1217668,6.481806691,744252.1791,565401.25,,2
56,57,2014/5/13 0:00,4,2.5,5300,26211,2.0,1,2,2,4570,730,1923,0,4437 55th Ave NE,Seattle,WA 98105,USA,47.6611019,-122.2691847,7.207458066,524736.3964,781323.7677,,4
57,58,2014/5/13 0:00,3,2.25,1780,6120,1.5,0,0,4,1390,390,1927,0,171 Lake Washington Blvd,Seattle,WA 98122,USA,47.6029009,-122.2853226,6.147033217,524736.3964,553625.6593,,3
58,59,2014/5/13 0:00,3,1.5,1310,3880,1.0,0,0,3,1090,220,1956,2001,7325 Earl Ave NW,Seattle,WA 98117,USA,47.6820961,-122.3921992,7.160837205,524736.3964,566274.0135,,2
59,60,2014/5/13 0:00,5,2.25,3120,16672,2.0,0,0,4,3120,0,1969,0,9045 NE 40th Pl,Yarrow Point,WA 98004,USA,47.6457547,-122.2192138,7.011139635,1006890.864,1006890.864,,4
60,61,2014/5/14 0:00,2,1.0,830,4000,1.0,0,0,3,830,0,1955,2005,8715 17th Ave NW,Seattle,WA 98117,USA,47.6928796,-122.3792308,7.672243724,524736.3964,566274.0135,,2
61,62,2014/5/14 0:00,3,1.75,1400,3825,1.5,0,0,4,1100,300,1904,0,6917 28th Ave NW,Seattle,WA 98117,USA,47.6793403,-122.3931708,6.174468857,524736.3964,566274.0135,,3
62,63,2014/5/14 0:00,3,1.0,1700,4400,1.5,0,0,4,1700,0,1906,1990,1109 32nd Ave,Seattle,WA 98122,USA,47.6120049,-122.2917572,7.344936888,524736.3964,553625.6593,,3
63,64,2014/5/14 0:00,2,1.0,980,2130,1.0,0,0,4,860,120,1918,1974,6520-6588 8th Ave NW,Seattle,WA 98117,USA,47.6764418,-122.3659775,6.24248521,524736.3964,566274.0135,,2
64,65,2014/5/14 0:00,4,2.0,2290,11137,1.0,0,0,4,2290,0,1955,2009,10441 SE 24th Pl,Bellevue,WA 98004,USA,47.58875,-122.2008768,6.962399542,744252.1791,1006890.864,,4
65,66,2014/5/14 0:00,3,2.5,2550,7200,2.0,0,2,3,2550,0,1981,2013,316 Lake Washington Blvd S,Seattle,WA 98144,USA,47.5995989,-122.2880728,7.955694029,524736.3964,572107.0769,,4
66,67,2014/5/14 0:00,2,1.5,1159,4800,1.0,0,0,3,1159,0,1948,1994,4254 33rd Ave W,Seattle,WA 98199,USA,47.6592539,-122.39921,7.251819408,524736.3964,702664.3075,,2
67,68,2014/5/14 0:00,2,1.0,840,3522,1.0,0,0,3,840,0,1947,2012,2901 W Elmore St,Seattle,WA 98199,USA,47.6575053,-122.3949745,6.141304841,524736.3964,702664.3075,,2
68,69,2014/5/15 0:00,4,3.0,1980,5352,2.5,0,0,3,1980,0,1941,2005,4103 SW Kenyon St,Seattle,WA 98136,USA,47.5319904,-122.3848832,6.159179893,524736.3964,526090.4439,,3
69,70,2014/5/15 0:00,3,1.75,1790,6117,1.0,0,2,3,1350,440,1940,1996,1922 35th Ave W,Seattle,WA 98199,USA,47.6366073,-122.4008851,6.265717851,524736.3964,702664.3075,,3
70,71,2014/5/15 0:00,4,1.75,3550,19865,2.0,0,0,3,3550,0,1962,2002,7822 NE 14th St,Medina,WA 98039,USA,47.6234696,-122.2351263,7.095811979,1723250.0,1723250.0,,4
71,72,2014/5/15 0:00,3,1.0,1230,12305,1.0,0,0,3,1230,0,1955,1990,10904 SE 1st St,Bellevue,WA 98004,USA,47.6094856,-122.1951585,7.124413149,744252.1791,1006890.864,,1
72,73,2014/5/16 0:00,2,2.5,1310,1500,2.0,0,0,3,1160,150,2006,0,921-927 18th Ave,Seattle,WA 98122,USA,47.6110436,-122.3092181,6.368980598,524736.3964,553625.6593,,2
73,74,2014/5/16 0:00,2,1.0,1160,5000,1.0,0,0,4,1160,0,1937,0,7752 33rd Ave NW,Seattle,WA 98117,USA,47.6864847,-122.3991144,6.965699511,524736.3964,566274.0135,,2
74,75,2014/5/16 0:00,3,2.25,1290,2500,2.0,0,0,4,1290,0,1987,0,411 27th Ave E,Seattle,WA 98112,USA,47.6229708,-122.298001,7.238908804,524736.3964,820713.3333,,2
75,76,2014/5/16 0:00,1,1.0,700,5100,1.0,0,0,3,700,0,1942,1999,6849 26th Ave NE,Seattle,WA 98115,USA,47.6789892,-122.2998832,7.079651828,524736.3964,608512.0641,,2
76,77,2014/5/16 0:00,2,1.0,910,3600,1.0,0,0,4,910,0,1909,1989,1617-1621 3rd Ave W,Seattle,WA 98119,USA,47.6340968,-122.3613128,6.744876636,524736.3964,748575.3623,,1
77,78,2014/5/19 0:00,2,2.0,1420,9191,1.5,0,2,5,1420,0,1928,1970,800 NE 95th St,Seattle,WA 98115,USA,47.6978777,-122.3201855,6.65904276,524736.3964,608512.0641,,3
78,79,2014/5/19 0:00,2,2.25,1540,958,3.0,0,0,3,1540,0,2007,0,1806 11th Ave,Seattle,WA 98122,USA,47.617974,-122.3180108,6.634339766,524736.3964,553625.6593,,2
79,80,2014/5/19 0:00,4,3.0,2240,6000,1.5,0,0,4,1270,970,1914,1945,2009 4th Ave N,Seattle,WA 98109,USA,47.6368764,-122.3498348,7.811681103,524736.3964,883397.7273,,3
80,81,2014/5/19 0:00,2,1.0,1060,7193,1.0,0,0,3,1060,0,1926,2003,11053 Greenwood Ave N,Seattle,WA 98133,USA,47.7101883,-122.3559141,6.36185406,524736.3964,374195.9626,,2
81,82,2014/5/19 0:00,2,1.0,700,2334,1.0,0,0,3,700,0,1945,2010,2632 NW North Beach Dr,Seattle,WA 98117,USA,47.701012,-122.3900016,7.178771346,524736.3964,566274.0135,,2
82,83,2014/5/19 0:00,2,1.0,770,4000,1.0,0,0,5,770,0,1924,1956,615 NW 92nd St,Seattle,WA 98117,USA,47.6958284,-122.3641669,6.414550611,524736.3964,566274.0135,,2
83,84,2014/5/20 0:00,2,1.75,1540,4025,1.0,0,0,4,1190,350,1908,0,1715 46th Ave SW,Seattle,WA 98116,USA,47.5876396,-122.3907686,6.13501713,524736.3964,631788.2068,,2
84,85,2014/5/20 0:00,4,1.0,1680,4021,1.5,0,0,3,1680,0,1921,2000,2139 N 52nd St,Seattle,WA 98103,USA,47.6662841,-122.3319405,6.924497307,524736.3964,562231.5262,,2
85,86,2014/5/20 0:00,4,2.0,2850,7861,1.0,0,4,4,1450,1400,1970,0,3014 NW Esplanade,Seattle,WA 98117,USA,47.6995266,-122.3968399,7.239876098,524736.3964,566274.0135,,4
86,87,2014/5/20 0:00,4,1.75,1280,6060,1.0,0,0,3,860,420,1926,2003,7032 7th Ave NW,Seattle,WA 98117,USA,47.6804886,-122.3642721,7.178320795,524736.3964,566274.0135,,2
87,88,2014/5/20 0:00,3,2.5,1260,889,3.0,0,0,3,1260,0,2008,0,915 6th Ave N,Seattle,WA 98109,USA,47.6276986,-122.3451261,6.137756805,524736.3964,883397.7273,,2
88,89,2014/5/20 0:00,2,1.0,1790,4000,1.0,0,0,4,1040,750,1923,0,2422 E McGraw St,Seattle,WA 98112,USA,47.6404896,-122.3010928,6.136089581,524736.3964,820713.3333,,2
89,90,2014/5/20 0:00,3,2.25,1640,1204,3.0,0,0,3,1640,0,2014,0,122 27th Ave E,Seattle,WA 98112,USA,47.6196409,-122.297099,7.216440174,524736.3964,820713.3333,,3
90,91,2014/5/20 0:00,3,1.5,1570,1050,2.0,0,0,3,1570,0,1915,0,1833 1st Ave N,Seattle,WA 98109,USA,47.6358042,-122.3559144,7.430290293,524736.3964,883397.7273,,2
91,92,2014/5/20 0:00,3,2.5,1210,1200,3.0,0,0,3,1210,0,2008,0,3903 Woodland Park Ave N,Seattle,WA 98103,USA,47.6542746,-122.3450402,6.005534887,524736.3964,562231.5262,,2
92,93,2014/5/20 0:00,3,1.75,3400,8965,1.0,0,2,5,1820,1580,1957,0,3872 50th Ave NE,Seattle,WA 98105,USA,47.6568139,-122.273186,7.051112853,524736.3964,781323.7677,,4
93,94,2014/5/21 0:00,2,0.75,850,7710,1.0,0,2,5,550,300,1909,1988,2458 S Ferdinand St,Seattle,WA 98108,USA,47.55886,-122.301003,6.885422562,524736.3964,345453.9762,,2
94,95,2014/5/21 0:00,3,2.0,1470,1691,2.0,0,0,3,1000,470,2007,0,1032 NE 63rd St,Seattle,WA 98115,USA,47.6743147,-122.3160399,6.139478584,524736.3964,608512.0641,,2
95,96,2014/5/21 0:00,4,2.5,3240,3600,2.0,0,0,3,2060,1180,2008,0,2433 1st Ave N,Seattle,WA 98109,USA,47.6405391,-122.3558478,6.135598344,524736.3964,883397.7273,,4
96,97,2014/5/21 0:00,4,3.25,3660,5800,2.5,0,0,3,3360,300,1909,1995,1020 15th Ave E,Seattle,WA 98112,USA,47.6282575,-122.3121836,6.36660364,524736.3964,820713.3333,,4
97,98,2014/5/21 0:00,3,3.25,3690,7200,2.0,0,0,3,3690,0,2007,0,440 8th Ave,Kirkland,WA 98033,USA,47.6815619,-122.1999501,6.211628503,608873.5936,778952.6428,,4
98,99,2014/5/21 0:00,2,1.0,1030,4841,1.0,0,0,3,920,110,1939,1969,1317 N 79th St,Seattle,WA 98103,USA,47.6860464,-122.3409706,6.764275915,524736.3964,562231.5262,,2
99,100,2014/5/21 0:00,5,4.75,5305,8401,2.0,0,2,3,3745,1560,2005,0,1010 6th St W,Kirkland,WA 98033,USA,47.6865133,-122.2148712,6.039069169,608873.5936,778952.6428,,4
100,101,2014/5/21 0:00,2,1.75,1890,9466,2.0,0,0,3,1890,0,1987,2000,130 97th Ave NE,Bellevue,WA 98004,USA,47.6143766,-122.2106614,6.416026019,744252.1791,1006890.864,,3
101,102,2014/5/22 0:00,4,5.5,5060,10320,2.0,0,0,3,5060,0,2008,0,1500-1598 98th Ave NE,Bellevue,WA 98004,USA,47.6238492,-122.2097781,6.841920479,744252.1791,1006890.864,,4
102,103,2014/5/22 0:00,3,2.5,3160,12824,1.0,0,2,4,1820,1340,1966,0,9410 Lake Washington Blvd NE,Bellevue,WA 98004,USA,47.6150825,-122.2164571,7.266393584,744252.1791,1006890.864,,4
103,104,2014/5/22 0:00,3,1.5,1660,4800,2.0,0,0,3,1660,0,1907,1983,1814 1st Ave W,Seattle,WA 98119,USA,47.6351881,-122.3580002,7.594881594,524736.3964,748575.3623,,3
104,105,2014/5/22 0:00,4,2.75,2080,4000,1.5,0,0,3,2080,0,1912,2000,6042 Sycamore Ave NW,Seattle,WA 98107,USA,47.6736935,-122.3582224,6.087990689,524736.3964,557869.4872,,3
105,106,2014/5/22 0:00,2,1.0,800,3330,1.0,0,0,3,800,0,1918,0,108 NW 41st St,Seattle,WA 98107,USA,47.6565461,-122.358091,6.170937557,524736.3964,557869.4872,,2
106,107,2014/5/22 0:00,1,1.0,550,1279,2.0,0,0,3,550,0,2008,0,1620 14th Ave,Seattle,WA 98122,USA,47.6159584,-122.3139463,6.455252341,524736.3964,553625.6593,,1
107,108,2014/5/22 0:00,2,1.0,590,10945,1.5,0,0,3,590,0,1983,2009,29613-29615 232nd Ave SE,Black Diamond,WA 98010,USA,47.3363241,-122.0333002,6.33471877,379778.5715,379778.5715,,1
108,109,2014/5/22 0:00,3,1.75,1610,7200,1.0,0,0,3,1090,520,1973,2013,1015 36th Ave E,Seattle,WA 98112,USA,47.6279066,-122.2871954,6.630207158,524736.3964,820713.3333,,2
109,110,2014/5/23 0:00,3,1.0,1280,2580,1.5,0,0,3,1280,0,1910,2014,6008 8th Ave NE,Seattle,WA 98115,USA,47.6725466,-122.3198706,6.096264606,524736.3964,608512.0641,,2
110,111,2014/5/23 0:00,3,1.75,1620,3975,1.0,0,0,5,940,680,1926,0,6729 Dibble Ave NW,Seattle,WA 98117,USA,47.6785815,-122.3678894,6.136225484,524736.3964,566274.0135,,3
111,112,2014/5/23 0:00,2,2.0,1140,8282,1.0,0,0,3,1140,0,1924,2009,2086 Market St,Kirkland,WA 98033,USA,47.6950261,-122.2098573,6.472017629,608873.5936,778952.6428,,2
112,113,2014/5/23 0:00,3,1.0,1230,8114,1.0,0,0,4,1230,0,1951,1999,3126 108th Ave SE,Bellevue,WA 98004,USA,47.5821679,-122.1961012,7.337140459,744252.1791,1006890.864,,2
113,114,2014/5/23 0:00,1,0.75,820,59677,1.0,0,0,3,820,0,1999,0,7608 N Fork Rd SE,Snoqualmie,WA 98065,USA,47.5321979,-121.763829,7.220698597,559698.8788,559698.8788,,1
114,115,2014/5/23 0:00,2,1.0,800,6380,1.0,0,2,3,800,0,1940,1996,1709 NE 86th St,Seattle,WA 98115,USA,47.6910705,-122.3089265,6.539585801,524736.3964,608512.0641,,2
115,116,2014/5/23 0:00,2,2.5,750,1430,2.0,0,0,3,750,0,2006,0,1700 E Columbia St,Seattle,WA 98122,USA,47.6093404,-122.3100442,6.173855078,524736.3964,553625.6593,,2
116,117,2014/5/23 0:00,2,1.5,1030,4500,1.0,0,0,3,830,200,1924,2011,2726 Mayfair Ave N,Seattle,WA 98109,USA,47.645459,-122.3520765,6.455184675,524736.3964,883397.7273,,2
117,118,2014/5/23 0:00,3,1.75,1240,3600,1.5,0,0,5,1240,0,1926,0,2552 57th Ave SW,Seattle,WA 98116,USA,47.5797166,-122.4049881,6.186434165,524736.3964,631788.2068,,2
118,119,2014/5/24 0:00,2,1.0,1010,4320,1.0,0,0,5,1010,0,1924,1956,7550 Roosevelt Way NE,Seattle,WA 98115,USA,47.684605,-122.317207,7.571060468,524736.3964,608512.0641,,2
119,120,2014/5/24 0:00,5,4.0,4580,4443,3.0,1,4,3,4580,0,2004,2003,4277 E Lake Sammamish Shore Ln SE,Sammamish,WA 98075,USA,47.5682675,-122.0588261,6.838136892,684792.1369,742440.3647,,4
120,121,2014/5/27 0:00,3,2.0,1840,4750,1.0,0,0,5,1010,830,1951,0,7741 29th Ave NW,Seattle,WA 98117,USA,47.6861385,-122.3947399,6.616425724,524736.3964,566274.0135,,3
121,122,2014/5/27 0:00,3,2.0,1230,11502,1.0,0,0,4,1230,0,1984,0,15918 NE 113th Ct,Redmond,WA 98052,USA,47.7017682,-122.1268944,6.336799707,662088.0748,628191.0085,,2
122,123,2014/5/27 0:00,3,2.75,2640,4050,1.5,0,0,5,1750,890,1926,0,1532 McGilvra Blvd E,Seattle,WA 98112,USA,47.6331939,-122.281015,6.253669555,524736.3964,820713.3333,,4
123,124,2014/5/27 0:00,4,2.25,2290,10687,2.0,0,0,3,2290,0,1978,0,10413 SE 25th St,Bellevue,WA 98004,USA,47.5878751,-122.2020988,6.080812497,744252.1791,1006890.864,,4
124,125,2014/5/27 0:00,4,3.25,4060,13000,2.0,0,3,3,4060,0,2000,0,6875 SE 33rd St,Mercer Island,WA 98040,USA,47.5810623,-122.2459395,6.476301519,1041572.527,1041572.527,,4
125,126,2014/5/27 0:00,4,3.75,3160,9525,2.5,0,0,3,3160,0,1997,0,4646 88th Ave SE,Mercer Island,WA 98040,USA,47.5622743,-122.2212998,6.126597054,1041572.527,1041572.527,,4
126,127,2014/5/27 0:00,3,1.0,1210,3328,1.5,0,0,4,1210,0,1924,0,6015 5th Ave NW,Seattle,WA 98107,USA,47.6728763,-122.3632615,6.043035089,524736.3964,557869.4872,,2
127,128,2014/5/27 0:00,2,1.0,920,3780,1.0,0,0,3,920,0,1910,2006,807 N 42nd St,Seattle,WA 98103,USA,47.6576119,-122.3480406,6.031563123,524736.3964,562231.5262,,2
128,129,2014/5/27 0:00,4,3.5,3080,4815,2.0,0,3,3,2300,780,1937,2009,2441-2499 Crane Dr W,Seattle,WA 98199,USA,47.6413658,-122.4109068,6.61858684,524736.3964,702664.3075,,4
129,130,2014/5/27 0:00,2,1.0,1040,5527,1.0,0,0,3,1040,0,1951,1994,6559 42nd Ave NE,Seattle,WA 98115,USA,47.6774299,-122.283896,6.173858954,524736.3964,608512.0641,,2
130,131,2014/5/27 0:00,4,3.75,3070,5850,2.0,0,0,5,2400,670,1927,0,1527 39th Ave E,Seattle,WA 98112,USA,47.6330785,-122.2830203,6.050975705,524736.3964,820713.3333,,4
131,132,2014/5/28 0:00,4,1.75,2330,4000,2.0,0,0,5,1300,1030,1924,1956,5036 36th Ave NE,Seattle,WA 98105,USA,47.6660066,-122.2887947,6.052837296,524736.3964,781323.7677,,3
132,133,2014/5/28 0:00,8,3.5,4440,6480,2.0,0,3,5,3140,1300,1959,0,1210 22nd Ave E,Seattle,WA 98112,USA,47.6309837,-122.3032481,7.058621404,524736.3964,820713.3333,,4
133,134,2014/5/28 0:00,4,3.25,2980,7000,2.0,0,3,3,2140,840,1900,2014,3115 S Norman St,Seattle,WA 98144,USA,47.5932698,-122.2921346,7.406179672,524736.3964,572107.0769,,4
134,135,2014/5/28 0:00,3,1.0,800,2296,1.0,0,0,4,800,0,1908,0,125 N Bowdoin Pl,Seattle,WA 98103,USA,47.654687,-122.3560051,6.545333342,524736.3964,562231.5262,,2
135,136,2014/5/28 0:00,3,1.0,1110,6000,1.5,0,0,5,1110,0,1932,2002,3228 36th Ave W,Seattle,WA 98199,USA,47.6495949,-122.403323,7.280708524,524736.3964,702664.3075,,2
136,137,2014/5/28 0:00,3,1.75,1490,9800,1.0,0,0,4,1140,350,1947,1988,10637 SE 29th St,Beaux Arts Village,WA 98004,USA,47.5839816,-122.1979512,6.129099765,1006890.864,1006890.864,,1
137,138,2014/5/28 0:00,3,2.5,1970,23180,1.0,1,4,3,1100,870,1937,1998,5923 Beach Dr SW,Seattle,WA 98136,USA,47.5495054,-122.3980796,6.611515998,524736.3964,526090.4439,,4
138,139,2014/5/29 0:00,3,2.5,1360,1016,3.0,0,0,3,1310,50,2003,0,501 NE Ravenna Blvd,Seattle,WA 98115,USA,47.6771609,-122.3238976,6.67456831,524736.3964,608512.0641,,2
139,140,2014/5/29 0:00,6,4.25,6980,15682,3.0,0,4,4,5330,1650,1999,0,5243 Forest Ave SE,Mercer Island,WA 98040,USA,47.5553765,-122.2307484,7.150043259,1041572.527,1041572.527,,4
140,141,2014/5/29 0:00,2,1.0,910,7000,1.0,0,0,3,910,0,1952,2008,2043 NE 98th St,Seattle,WA 98115,USA,47.6999745,-122.305198,6.222561126,524736.3964,608512.0641,,2
141,142,2014/5/29 0:00,4,3.25,4430,21000,2.0,0,0,3,4430,0,1952,2007,3239 78th Pl NE,Medina,WA 98039,USA,47.6398585,-122.2371127,7.996155896,1723250.0,1723250.0,,4
142,143,2014/5/29 0:00,2,1.0,710,1173,2.0,0,0,4,710,0,1943,0,2348 Fairview Ave E,Seattle,WA 98102,USA,47.6411772,-122.3291116,7.159459407,524736.3964,894348.4615,,1
143,144,2014/5/29 0:00,4,3.5,4730,13586,1.5,0,0,5,4270,460,1935,0,1404 Broadmoor Dr E,Seattle,WA 98112,USA,47.6318368,-122.287699,6.549531823,524736.3964,820713.3333,,4
144,145,2014/5/30 0:00,2,1.0,940,4800,1.0,0,0,4,940,0,1911,1955,3209 63rd Ave SW,Seattle,WA 98116,USA,47.5755972,-122.4136855,7.198190963,524736.3964,631788.2068,,2
145,146,2014/5/30 0:00,5,3.5,4180,17935,2.0,0,0,3,4180,0,2004,2003,2526 104th Ave SE,Bellevue,WA 98004,USA,47.5872684,-122.2023294,6.970300476,744252.1791,1006890.864,,4
146,147,2014/5/30 0:00,2,2.25,1730,31491,2.0,1,2,4,1730,0,1947,1988,10060 SW Dock St,Vashon,WA 98070,USA,47.372986,-122.4635956,6.372725685,454275.0,454275.0,,4
147,148,2014/5/30 0:00,3,1.75,1700,8400,1.0,0,0,3,1460,240,1947,2012,3621 45th Ave W,Seattle,WA 98199,USA,47.6534488,-122.4150014,6.355330817,524736.3964,702664.3075,,3
148,149,2014/5/30 0:00,4,3.25,4140,20734,1.0,0,1,3,3300,840,1977,2005,9415 NE 27th St,Clyde Hill,WA 98004,USA,47.6344299,-122.2151344,7.720535282,1151600.0,1006890.864,,4
149,150,2014/5/30 0:00,3,2.5,2090,6000,1.5,0,0,4,2090,0,1928,0,3832 43rd Ave NE,Seattle,WA 98105,USA,47.656744,-122.2810124,7.597450828,524736.3964,781323.7677,,4
150,151,2014/5/30 0:00,4,3.5,5550,28078,2.0,0,2,4,3350,2200,2000,0,3222 78th Pl NE,Medina,WA 98039,USA,47.6395772,-122.2336458,6.519779418,1723250.0,1723250.0,,4
151,152,2014/6/1 0:00,5,3.0,3640,8239,2.0,0,3,3,2540,1100,1982,0,17200 SE 29th Ct,Bellevue,WA 98008,USA,47.5842219,-122.1110424,7.051774593,744252.1791,565401.25,,4
152,153,2014/6/2 0:00,2,1.0,1110,6800,1.0,0,0,5,1000,110,1947,0,12216 Greenwood Ave N,Seattle,WA 98133,USA,47.7183814,-122.3551181,6.452419937,524736.3964,374195.9626,,2
153,154,2014/6/2 0:00,2,1.0,1140,5720,1.0,0,0,3,850,290,1947,2012,2711 NE 75th St,Seattle,WA 98115,USA,47.6828694,-122.2980742,6.374179714,524736.3964,608512.0641,,2
154,155,2014/6/2 0:00,4,2.5,2460,5000,2.0,0,0,5,1620,840,1938,0,1024 Washington Pl E,Seattle,WA 98112,USA,47.6281539,-122.2929251,6.246253429,524736.3964,820713.3333,,4
155,156,2014/6/2 0:00,4,3.5,4370,8510,2.0,0,1,3,3610,760,2003,0,2523-2533 103rd Ave SE,Bellevue,WA 98004,USA,47.587546,-122.2043068,6.669209939,744252.1791,1006890.864,,4
156,157,2014/6/2 0:00,4,1.5,1840,4337,2.0,0,0,4,1840,0,1917,0,1218 19th Ave E,Seattle,WA 98112,USA,47.6312001,-122.3067961,6.501047987,524736.3964,820713.3333,,3
157,158,2014/6/2 0:00,3,2.5,2230,5750,2.0,0,0,3,2230,0,2003,0,1840-1846 9th St W,Kirkland,WA 98033,USA,47.6935962,-122.2127894,6.923924189,608873.5936,778952.6428,,4
158,159,2014/6/2 0:00,2,1.0,990,4802,1.0,0,0,3,990,0,1947,2012,8059 Loyal Way NW,Seattle,WA 98117,USA,47.6876415,-122.3948762,6.010547439,524736.3964,566274.0135,,2
159,160,2014/6/2 0:00,1,1.0,730,3000,1.0,0,0,3,730,0,1911,1979,6215 30th Ave NW,Seattle,WA 98107,USA,47.6741346,-122.3959335,7.227108948,524736.3964,557869.4872,,2
160,161,2014/6/2 0:00,3,1.75,1670,5400,2.0,0,0,5,1670,0,1912,0,1808 38th Ave E,Seattle,WA 98112,USA,47.6349612,-122.2836962,6.874619416,524736.3964,820713.3333,,3
161,162,2014/6/3 0:00,3,1.75,1250,6041,1.5,0,0,5,1250,0,1942,0,2202 NE 83rd St,Seattle,WA 98115,USA,47.6900152,-122.3041063,7.14772699,524736.3964,608512.0641,,3
162,163,2014/6/3 0:00,3,2.25,1840,3500,1.5,0,0,5,1540,300,1910,0,3110 E Jefferson St,Seattle,WA 98122,USA,47.6063198,-122.2920533,6.88428094,524736.3964,553625.6593,,3
163,164,2014/6/3 0:00,4,3.75,2930,3200,1.5,0,0,5,2130,800,1925,0,115 W Raye St,Seattle,WA 98119,USA,47.6430558,-122.3590205,6.045336376,524736.3964,748575.3623,,4
164,165,2014/6/3 0:00,3,2.5,1350,3068,2.0,0,0,3,1350,0,1991,0,819 31st Ave,Seattle,WA 98122,USA,47.6099317,-122.2929108,7.241124725,524736.3964,553625.6593,,2
165,166,2014/6/3 0:00,3,3.0,2080,10521,1.5,0,0,3,2080,0,2004,2003,8359 NE Juanita Dr,Kirkland,WA 98034,USA,47.6993906,-122.228766,6.08156296,608873.5936,471966.7854,,2
166,167,2014/6/3 0:00,4,2.5,2200,4000,2.0,0,0,5,1430,770,1908,0,2418 10th Ave W,Seattle,WA 98119,USA,47.6401773,-122.3697783,6.598722813,524736.3964,748575.3623,,4
167,168,2014/6/3 0:00,4,3.5,2790,10125,1.5,0,0,5,2790,0,1985,0,4510 89th Ave SE,Mercer Island,WA 98040,USA,47.565123,-122.2199166,6.661984525,1041572.527,1041572.527,,4
168,169,2014/6/3 0:00,4,2.75,1550,4000,1.5,0,0,3,1550,0,1930,1997,4325 NE 43rd St,Seattle,WA 98105,USA,47.6596957,-122.2800925,6.522470776,524736.3964,781323.7677,,3
169,170,2014/6/3 0:00,3,1.0,1030,4958,1.0,0,0,5,1030,0,1952,1998,4760 47th Ave NE,Seattle,WA 98105,USA,47.6647734,-122.2770249,6.99515869,524736.3964,781323.7677,,2
170,171,2014/6/3 0:00,3,1.75,1370,3850,1.0,0,0,5,770,600,1911,1988,2015 42nd Ave E,Seattle,WA 98112,USA,47.6374512,-122.2787798,6.067490104,524736.3964,820713.3333,,3
171,172,2014/6/4 0:00,3,1.5,1020,9072,1.0,0,0,3,920,100,1930,1997,9110 25th Ave NE,Seattle,WA 98115,USA,47.6950735,-122.301248,7.25454358,524736.3964,608512.0641,,2
172,173,2014/6/4 0:00,3,1.75,2640,8000,1.0,0,3,4,1320,1320,1960,2001,3057 70th Ave SE,Mercer Island,WA 98040,USA,47.5826143,-122.2459261,6.229384094,1041572.527,1041572.527,,4
173,174,2014/6/4 0:00,3,2.5,1690,1553,2.5,0,0,3,1690,0,2007,0,2647 22nd Ave W,Seattle,WA 98199,USA,47.6443093,-122.3848791,6.154532682,524736.3964,702664.3075,,3
174,175,2014/6/4 0:00,5,2.5,3200,17204,1.0,0,0,3,2160,1040,1952,2008,8726 NE 11th St,Bellevue,WA 98004,USA,47.6208379,-122.2222454,6.285047397,744252.1791,1006890.864,,4
175,176,2014/6/4 0:00,1,0.75,560,12120,1.0,0,0,3,560,0,1967,2011,8314 361st Ave NE,Carnation,WA 98014,USA,47.6750423,-121.8543819,7.171313059,521596.4376,521596.4376,,1
176,177,2014/6/4 0:00,6,4.5,3810,28176,1.0,0,4,5,3810,0,1969,0,18309 17th Pl NW,Shoreline,WA 98177,USA,47.7612383,-122.3811418,7.271173525,408183.9734,690495.1267,,4
177,178,2014/6/4 0:00,3,1.0,1050,4160,1.0,0,0,4,1050,0,1925,1968,2511 NE 65th St,Seattle,WA 98115,USA,47.6756004,-122.3000558,7.06729467,524736.3964,608512.0641,,2
178,179,2014/6/4 0:00,3,3.25,1540,704,3.0,0,0,3,1540,0,2011,0,1820 E Howell St,Seattle,WA 98122,USA,47.6177232,-122.3079907,6.748467747,524736.3964,553625.6593,,3
179,180,2014/6/4 0:00,3,1.0,910,4500,1.0,0,0,3,910,0,1948,1994,2915 NW 75th St,Seattle,WA 98117,USA,47.6829012,-122.395076,6.630107307,524736.3964,566274.0135,,2
180,181,2014/6/4 0:00,3,2.0,1630,7599,1.0,0,0,3,1630,0,2006,0,1464 NW 95th St,Seattle,WA 98117,USA,47.6981139,-122.3762271,6.233823698,524736.3964,566274.0135,,2
181,182,2014/6/4 0:00,3,1.75,1670,9600,1.0,0,0,5,1670,0,1961,0,3764 79th Ave SE,Mercer Island,WA 98040,USA,47.5754571,-122.2332883,6.026425657,1041572.527,1041572.527,,4
182,183,2014/6/4 0:00,2,1.0,830,2820,1.0,0,0,4,830,0,1920,0,8216 Linden Ave N,Seattle,WA 98103,USA,47.6889532,-122.3469532,7.304367674,524736.3964,562231.5262,,2
183,184,2014/6/4 0:00,3,2.5,2660,13367,2.0,0,2,3,2660,0,1992,0,4612 92nd Ave NE,Yarrow Point,WA 98004,USA,47.6499634,-122.2169875,7.578249789,1006890.864,1006890.864,,4
184,185,2014/6/4 0:00,5,3.25,3410,9088,2.0,0,3,3,2760,650,1912,1994,309 W Prospect St,Seattle,WA 98119,USA,47.628503,-122.3611318,7.317741498,524736.3964,748575.3623,,4
185,186,2014/6/5 0:00,3,2.5,1480,1485,2.0,0,0,3,1280,200,2007,0,2027 Eastlake Ave E,Seattle,WA 98102,USA,47.6375858,-122.326294,6.727293314,524736.3964,894348.4615,,2
186,187,2014/6/5 0:00,5,4.5,4400,15580,2.0,0,0,3,3390,1010,2003,0,1404-1418 100th Ave NE,Bellevue,WA 98004,USA,47.6231811,-122.2065256,6.764493821,744252.1791,1006890.864,,4
187,188,2014/6/5 0:00,3,1.0,1050,7500,1.0,0,0,3,1050,0,1900,2005,6057-6061 50th Ave SW,Seattle,WA 98136,USA,47.5473907,-122.3965773,6.015817402,524736.3964,526090.4439,,2
188,189,2014/6/5 0:00,4,2.0,1370,4000,2.0,0,0,3,1370,0,1951,1994,2825 W Jameson St,Seattle,WA 98199,USA,47.6592978,-122.3939142,6.031467715,524736.3964,702664.3075,,2
189,190,2014/6/5 0:00,3,1.75,1290,3870,1.0,0,0,5,1290,0,1916,0,1727 Lake Washington Blvd S,Seattle,WA 98144,USA,47.5872449,-122.2900611,6.557163537,524736.3964,572107.0769,,2
190,191,2014/6/5 0:00,2,1.0,970,3400,1.0,0,0,3,970,0,1924,2011,2707 Queen Anne Ave N,Seattle,WA 98109,USA,47.644386,-122.3572444,6.522094512,524736.3964,883397.7273,,1
191,192,2014/6/5 0:00,3,2.5,1710,1664,2.0,0,0,5,1300,410,2003,0,2826 21st Ave W,Seattle,WA 98199,USA,47.645566,-122.3831055,6.148377231,524736.3964,702664.3075,,3
192,193,2014/6/6 0:00,3,2.0,980,5000,1.0,0,0,3,980,0,1940,1996,830 Davis Pl S,Seattle,WA 98144,USA,47.5950182,-122.307962,6.468849815,524736.3964,572107.0769,,2
193,194,2014/6/6 0:00,2,1.0,890,4590,1.0,0,0,3,890,0,1923,1998,332 NW 84th St,Seattle,WA 98117,USA,47.6900392,-122.3621196,6.758082288,524736.3964,566274.0135,,2
194,195,2014/6/6 0:00,3,1.5,2170,16600,1.0,1,2,3,1130,1040,1979,2014,2244 West Lake Sammamish Pkwy NE,Redmond,WA 98052,USA,47.6307379,-122.0878605,7.101685459,662088.0748,628191.0085,,4
195,196,2014/6/6 0:00,2,2.25,2460,16940,1.5,0,4,4,1930,530,1936,0,6827 36th Ave NW,Seattle,WA 98117,USA,47.678974,-122.4039772,7.090801565,524736.3964,566274.0135,,4
196,197,2014/6/8 0:00,4,3.25,4420,7850,2.0,1,4,3,3150,1270,2001,0,17834 SE 40th Pl,Bellevue,WA 98008,USA,47.5719643,-122.1020153,7.615610092,744252.1791,565401.25,,4
197,198,2014/6/9 0:00,3,2.5,1530,3464,2.0,0,0,3,1530,0,1998,2006,15004 NE 8th Pl,Bellevue,WA 98007,USA,47.6179211,-122.1409128,6.00101929,744252.1791,658892.7928,,2
198,199,2014/6/9 0:00,2,1.0,740,5995,1.0,0,0,4,740,0,1949,1985,13715 Wallingford Ave N,Seattle,WA 98133,USA,47.7291188,-122.3372399,6.192701154,524736.3964,374195.9626,,2
199,200,2014/6/9 0:00,3,1.75,1380,3402,1.5,0,0,3,1380,0,1900,2000,929 24th Ave,Seattle,WA 98122,USA,47.6109177,-122.3017494,6.554308739,524736.3964,553625.6593,,2
200,201,2014/6/9 0:00,2,1.0,920,6600,1.0,0,0,3,920,0,1919,2003,6321 51st Ave S,Seattle,WA 98118,USA,47.5452165,-122.2703503,7.303934919,524736.3964,432833.9803,,1
201,202,2014/6/9 0:00,2,1.0,730,7528,1.0,0,0,3,730,0,1946,0,2048 NE 97th St,Seattle,WA 98115,USA,47.6997077,-122.3049129,6.841829038,524736.3964,608512.0641,,2
202,203,2014/6/9 0:00,2,1.0,910,4635,1.0,0,0,4,910,0,1905,0,6311-6399 28th Ave NW,Seattle,WA 98107,USA,47.6749151,-122.3932354,6.282699885,524736.3964,557869.4872,,2
203,204,2014/6/9 0:00,2,1.0,800,5000,1.0,0,0,3,800,0,1906,2014,1111 NW 64th St,Seattle,WA 98107,USA,47.6750563,-122.3720108,6.278659075,524736.3964,557869.4872,,2
204,205,2014/6/9 0:00,2,1.0,710,1136,2.0,0,0,4,710,0,1943,0,2360 Fairview Ave E,Seattle,WA 98102,USA,47.6413908,-122.3291459,6.341621833,524736.3964,894348.4615,,1
205,206,2014/6/10 0:00,5,3.0,2830,7500,2.0,0,0,3,2460,370,1923,1998,4007 48th Ave NE,Seattle,WA 98105,USA,47.6579677,-122.2770031,7.306132647,524736.3964,781323.7677,,4
206,207,2014/6/10 0:00,2,1.0,1220,3000,1.0,0,0,3,920,300,1926,2003,637 NW 74th St,Seattle,WA 98117,USA,47.6823274,-122.3650036,6.61550349,524736.3964,566274.0135,,2
207,208,2014/6/10 0:00,3,1.0,1580,5000,1.5,0,0,3,1580,0,1926,2003,7526 Jones Ave NW,Seattle,WA 98117,USA,47.6839887,-122.3861997,7.158516605,524736.3964,566274.0135,,2
208,209,2014/6/10 0:00,2,2.25,1060,1208,2.0,0,0,3,940,120,2005,0,2008 Yale Ave E,Seattle,WA 98102,USA,47.6371283,-122.3268625,7.193714669,524736.3964,894348.4615,,2
209,210,2014/6/10 0:00,2,1.0,860,3880,1.0,0,0,4,860,0,1916,0,7743 27th Ave NW,Seattle,WA 98117,USA,47.6862021,-122.3911795,7.023424981,524736.3964,566274.0135,,2
210,211,2014/6/10 0:00,3,2.25,1620,4500,2.0,0,0,4,1620,0,1926,1993,2565-2599 3rd Ave W,Seattle,WA 98119,USA,47.642504,-122.3613088,6.03148887,524736.3964,748575.3623,,3
211,212,2014/6/10 0:00,2,1.0,710,1157,2.0,0,0,4,710,0,1943,0,2358 Fairview Ave E,Seattle,WA 98102,USA,47.6413338,-122.3291458,6.080372726,524736.3964,894348.4615,,1
212,213,2014/6/11 0:00,2,1.5,1295,1093,2.0,0,0,3,1105,190,2007,0,2514 E Denny Way,Seattle,WA 98122,USA,47.619154,-122.2990785,6.45224211,524736.3964,553625.6593,,2
213,214,2014/6/11 0:00,3,1.0,1140,5500,1.5,0,0,4,1140,0,1908,0,4415 29th Ave W,Seattle,WA 98199,USA,47.6605618,-122.3952237,6.489800675,524736.3964,702664.3075,,2
214,215,2014/6/11 0:00,2,1.25,1240,2150,2.0,0,0,3,1240,0,2014,0,8050 14th Ave NW,Seattle,WA 98117,USA,47.6883725,-122.3738867,6.84042005,524736.3964,566274.0135,,2
215,216,2014/6/11 0:00,1,1.75,750,20339,1.0,0,0,4,550,200,1946,1989,14128 W Lake Kathleen Dr SE,Renton,WA 98059,USA,47.4755753,-122.0901564,6.380126712,377855.4669,504803.7088,,1
216,217,2014/6/11 0:00,5,2.5,2340,6000,2.0,0,0,4,2340,0,1922,0,3107 37th Pl S,Seattle,WA 98144,USA,47.5763934,-122.2868681,6.887189263,524736.3964,572107.0769,,3
217,218,2014/6/11 0:00,2,1.0,710,1131,2.0,0,0,4,710,0,1943,0,2358 Fairview Ave E,Seattle,WA 98102,USA,47.6413338,-122.3291458,6.874966914,524736.3964,894348.4615,,1
218,219,2014/6/11 0:00,2,1.0,1030,5750,1.0,0,0,5,1030,0,1928,1970,1923 46th Ave SW,Seattle,WA 98116,USA,47.5860902,-122.3907788,6.367560388,524736.3964,631788.2068,,2
219,220,2014/6/11 0:00,5,4.5,10040,37325,2.0,1,2,3,7680,2360,1940,2001,4442 95th Ave NE,Bellevue,WA 98004,USA,47.649923,-122.214307,6.10531439,744252.1791,1006890.864,,4
220,221,2014/6/12 0:00,3,1.0,1050,5664,1.0,0,0,4,910,140,1947,1988,8244 40th Ave NE,Seattle,WA 98115,USA,47.6897329,-122.285113,7.191792382,524736.3964,608512.0641,,2
221,222,2014/6/12 0:00,5,2.25,3200,20158,1.0,0,0,3,1600,1600,1965,1993,2154-2398 94th Ave NE,Clyde Hill,WA 98004,USA,47.6299862,-122.2148401,6.796343457,1151600.0,1006890.864,,4
222,223,2014/6/12 0:00,3,2.25,2060,8640,1.0,0,0,4,2060,0,1966,0,4810 109th Ave NE,Kirkland,WA 98033,USA,47.6533683,-122.1949363,6.889558287,608873.5936,778952.6428,,3
223,224,2014/6/12 0:00,3,1.0,1210,5750,1.5,0,0,4,1210,0,1910,0,7006 46th Ave SW,Seattle,WA 98136,USA,47.5402874,-122.3911036,6.106088478,524736.3964,526090.4439,,2
224,225,2014/6/12 0:00,4,2.25,2130,11843,2.0,0,0,4,2130,0,1972,0,7490 85th Ave SE,Mercer Island,WA 98040,USA,47.5360054,-122.224883,6.436075154,1041572.527,1041572.527,,4
225,226,2014/6/12 0:00,3,2.25,1480,5400,2.0,0,0,4,1480,0,1914,1945,816 Martin Luther King Jr Way,Seattle,WA 98122,USA,47.6095448,-122.2959113,6.176523239,524736.3964,553625.6593,,3
226,227,2014/6/12 0:00,5,4.25,4860,9453,1.5,0,1,5,3100,1760,1905,0,173 37th Ave E,Seattle,WA 98112,USA,47.6195481,-122.2861577,6.146825962,524736.3964,820713.3333,,4
227,228,2014/6/12 0:00,4,2.5,3000,7500,2.0,0,0,3,3000,0,1937,1994,3907 48th Ave NE,Seattle,WA 98105,USA,47.6570539,-122.2770304,7.084626968,524736.3964,781323.7677,,4
228,229,2014/6/12 0:00,1,0.75,420,6720,1.0,0,0,3,420,0,1922,2008,5550 17th Ave S,Seattle,WA 98108,USA,47.5519661,-122.3108448,6.735502222,524736.3964,345453.9762,,1
229,230,2014/6/13 0:00,3,1.0,1460,7200,1.0,0,0,3,1260,200,1906,2014,8018 Wallingford Ave N,Seattle,WA 98103,USA,47.6875495,-122.3360294,6.148579947,524736.3964,562231.5262,,2
230,231,2014/6/13 0:00,6,3.75,3010,4360,2.0,0,0,3,2000,1010,2014,0,8016 Meridian Ave N,Seattle,WA 98103,USA,47.687366,-122.3328177,6.064909792,524736.3964,562231.5262,,3
231,232,2014/6/13 0:00,2,1.0,900,4600,1.0,0,0,3,900,0,1951,1994,307 NW 87th St,Seattle,WA 98117,USA,47.6918592,-122.3611306,6.555865415,524736.3964,566274.0135,,2
232,233,2014/6/13 0:00,2,2.25,3170,3000,2.0,0,2,5,1990,1180,1900,0,308 Prospect St,Seattle,WA 98109,USA,47.6291699,-122.3510219,7.87381968,524736.3964,883397.7273,,4
233,234,2014/6/15 0:00,4,3.25,2500,5801,1.5,0,0,3,1960,540,1926,2003,1502 Parkside Dr E,Seattle,WA 98112,USA,47.6320642,-122.2901742,6.226353582,524736.3964,820713.3333,,4
234,235,2014/6/16 0:00,2,1.5,1090,4000,1.0,0,0,3,970,120,1951,1994,2646 48th Ave SW,Seattle,WA 98116,USA,47.5798222,-122.3927337,6.845043937,524736.3964,631788.2068,,2
235,236,2014/6/16 0:00,3,1.0,1120,2300,1.0,0,0,4,820,300,1912,1989,7002 22nd Ave NW,Seattle,WA 98117,USA,47.6796947,-122.3840817,7.236621389,524736.3964,566274.0135,,2
236,237,2014/6/16 0:00,2,1.0,1120,2000,1.5,0,0,3,1120,0,1910,2006,159 Fulton St,Seattle,WA 98109,USA,47.64545,-122.3540468,6.408045633,524736.3964,883397.7273,,2
237,238,2014/6/16 0:00,3,3.25,2940,5432,3.0,0,3,4,2440,500,1978,2000,150 Highland Dr,Seattle,WA 98109,USA,47.6299669,-122.3539019,7.777264556,524736.3964,883397.7273,,4
238,239,2014/6/16 0:00,2,1.0,890,2100,1.0,0,0,4,760,130,1919,1985,4008 2nd Ave NW,Seattle,WA 98107,USA,47.6559237,-122.3588467,6.354068793,524736.3964,557869.4872,,2
239,240,2014/6/16 0:00,4,2.5,3070,34412,1.0,0,3,4,2070,1000,1950,1983,3257 Evergreen Point Rd,Medina,WA 98039,USA,47.6399642,-122.240372,6.695656819,1723250.0,1723250.0,,4
240,241,2014/6/16 0:00,4,2.25,3040,5000,2.0,0,3,4,2080,960,1926,1993,3907 47th Ave NE,Seattle,WA 98105,USA,47.6565675,-122.2778963,6.210010209,524736.3964,781323.7677,,4
241,242,2014/6/17 0:00,3,1.0,980,7200,1.0,0,0,4,980,0,1950,1983,3609 49th Ave SW,Seattle,WA 98116,USA,47.5717468,-122.3951113,7.306164816,524736.3964,631788.2068,,2
242,243,2014/6/17 0:00,5,6.75,9640,13068,1.0,1,4,3,4820,4820,1983,2009,5044 Butterworth Rd,Mercer Island,WA 98040,USA,47.5569742,-122.2098649,7.73211297,1041572.527,1041572.527,,4
243,244,2014/6/17 0:00,2,2.25,1230,932,2.0,0,0,3,1020,210,2004,2003,106 24th Ave E,Seattle,WA 98112,USA,47.6191774,-122.3009453,6.263886121,524736.3964,820713.3333,,2
244,245,2014/6/17 0:00,3,3.25,2420,1923,2.0,0,2,3,1840,580,2006,0,2010 8th Ave N,Seattle,WA 98109,USA,47.636974,-122.3412112,6.650424892,524736.3964,883397.7273,,4
245,246,2014/6/17 0:00,3,1.0,1580,3840,2.0,0,0,3,1580,0,1908,1988,112 10th Ave E,Seattle,WA 98102,USA,47.6192179,-122.3192176,6.747106575,524736.3964,894348.4615,,3
246,247,2014/6/17 0:00,4,3.75,4100,22798,1.5,0,3,5,2540,1560,1934,1979,4520 E Mercer Way,Mercer Island,WA 98040,USA,47.5647863,-122.2099578,6.957308411,1041572.527,1041572.527,,4
247,248,2014/6/17 0:00,4,2.5,2570,6251,2.0,0,0,3,2570,0,2000,0,1915 107th Ave SE,Bellevue,WA 98004,USA,47.5930097,-122.1972452,6.400304513,744252.1791,1006890.864,,4
248,249,2014/6/17 0:00,3,2.0,1380,4800,1.0,0,0,3,1380,0,1948,1994,3415 9th Ave W,Seattle,WA 98119,USA,47.6509518,-122.3691662,6.407413695,524736.3964,748575.3623,,2
249,250,2014/6/17 0:00,3,2.75,2500,5568,2.0,0,0,5,2500,0,1905,0,723 16th Ave E,Seattle,WA 98112,USA,47.6258179,-122.3116772,6.425722328,524736.3964,820713.3333,,4
250,251,2014/6/17 0:00,4,3.0,3700,20570,1.0,0,0,4,1850,1850,1976,1992,1206 86th Ave NE,Bellevue,WA 98004,USA,47.6212071,-122.224341,6.317748045,744252.1791,1006890.864,,4
251,252,2014/6/17 0:00,4,1.0,1120,7104,1.5,0,0,3,1120,0,1946,0,1212 NW 105th St,Seattle,WA 98177,USA,47.7053822,-122.3721032,6.359840939,524736.3964,690495.1267,,2
252,253,2014/6/17 0:00,2,1.0,900,5100,1.0,0,0,4,900,0,1909,1989,7029 16th Ave NW,Seattle,WA 98117,USA,47.6803712,-122.3780968,6.67601272,524736.3964,566274.0135,,2
253,254,2014/6/17 0:00,3,3.25,4340,4947,2.0,0,3,3,3060,1280,1993,0,5719 Seaview Ave NW,Seattle,WA 98107,USA,47.6710387,-122.4056097,7.353387393,524736.3964,557869.4872,,4
254,255,2014/6/17 0:00,3,2.25,2880,7599,1.0,0,2,3,1710,1170,1958,2002,1806 10th Pl W,Kirkland,WA 98033,USA,47.6937431,-122.2147407,6.504047153,608873.5936,778952.6428,,4
255,256,2014/6/18 0:00,3,3.25,1540,1428,3.0,0,0,3,1540,0,2013,1923,423 N 50th St,Seattle,WA 98103,USA,47.6648138,-122.3529406,6.912678963,524736.3964,562231.5262,,3
256,257,2014/6/18 0:00,3,1.5,1320,8114,1.0,0,0,3,1320,0,1951,1994,3110 109th Ave SE,Bellevue,WA 98004,USA,47.5826741,-122.194906,7.3357151,744252.1791,1006890.864,,2
257,258,2014/6/18 0:00,5,1.75,1260,4500,1.5,0,0,3,1260,0,1926,2003,830 W Armour St,Seattle,WA 98119,USA,47.6452196,-122.3689981,7.240766215,524736.3964,748575.3623,,2
258,259,2014/6/18 0:00,2,1.0,1240,6400,1.0,0,1,4,1060,180,1938,0,5927 35th Ave SW,Seattle,WA 98126,USA,47.5493308,-122.376734,6.234861865,524736.3964,423881.4196,,2
259,260,2014/6/18 0:00,4,4.25,4850,12445,2.0,1,4,5,3850,1000,1989,0,11031 Champagne Point Rd NE,Kirkland,WA 98034,USA,47.7011918,-122.2440028,6.240285948,608873.5936,471966.7854,,4
260,261,2014/6/18 0:00,3,2.0,2020,5500,1.5,0,3,3,1790,230,1937,1999,2340 Magnolia Blvd W,Seattle,WA 98199,USA,47.6387652,-122.4089743,6.939300747,524736.3964,702664.3075,,4
261,262,2014/6/18 0:00,4,3.0,6430,27517,2.0,0,0,3,6430,0,2001,0,1149-1199 91st Ave NE,Bellevue,WA 98004,USA,47.6209488,-122.2193802,6.845007393,744252.1791,1006890.864,,4
262,263,2014/6/19 0:00,4,1.75,1290,3060,2.0,0,0,4,1290,0,1906,1990,742 N 70th St,Seattle,WA 98103,USA,47.6797827,-122.3479693,7.287103265,524736.3964,562231.5262,,2
263,264,2014/6/19 0:00,5,3.0,3880,13000,2.0,0,0,3,3880,0,1972,2003,7845 SE 62nd St,Mercer Island,WA 98040,USA,47.5466563,-122.2340832,6.796789722,1041572.527,1041572.527,,4
264,265,2014/6/19 0:00,4,3.25,3620,5131,2.0,0,3,4,2350,1270,1927,0,3283 Conkling Pl W,Seattle,WA 98119,USA,47.6499361,-122.3698043,6.297319467,524736.3964,748575.3623,,4
265,266,2014/6/19 0:00,2,1.75,1590,5136,1.5,0,3,3,1320,270,1927,2011,2505 42nd Ave W,Seattle,WA 98199,USA,47.6423068,-122.4111917,7.525459348,524736.3964,702664.3075,,3
266,267,2014/6/19 0:00,2,1.0,790,6600,1.0,0,0,3,790,0,1949,1998,1524 30th Ave,Seattle,WA 98122,USA,47.6149212,-122.2932426,7.49078218,524736.3964,553625.6593,,1
267,268,2014/6/19 0:00,3,2.5,950,1110,2.0,0,0,3,950,0,2003,0,419 Federal Ave E,Seattle,WA 98102,USA,47.6225905,-122.3191348,6.968014953,524736.3964,894348.4615,,2
268,269,2014/6/19 0:00,3,2.0,1360,5980,1.5,0,0,3,1360,0,1945,2008,4401 SW Hill St,Seattle,WA 98116,USA,47.5851896,-122.3880737,6.190233338,524736.3964,631788.2068,,2
269,270,2014/6/19 0:00,4,2.5,2440,3600,2.5,0,0,4,2440,0,1902,0,400 W Highland Dr,Seattle,WA 98119,USA,47.6298013,-122.3620504,6.630010242,524736.3964,748575.3623,,4
270,271,2014/6/20 0:00,6,4.5,5480,10800,2.0,0,3,4,4430,1050,1999,0,1223 7th Ave W,Seattle,WA 98119,USA,47.6306513,-122.3669421,6.904902828,524736.3964,748575.3623,,4
271,272,2014/6/20 0:00,3,3.25,1530,1565,2.0,0,0,3,1280,250,2005,0,1806 15th Ave,Seattle,WA 98122,USA,47.6178741,-122.312277,6.889704594,524736.3964,553625.6593,,2
272,273,2014/6/20 0:00,2,1.0,1040,3600,1.0,0,0,4,1040,0,1919,1980,122 16th Ave E,Seattle,WA 98112,USA,47.6189251,-122.3110379,7.72610436,524736.3964,820713.3333,,2
273,274,2014/6/20 0:00,3,1.5,1700,14133,1.0,0,1,4,1700,0,1954,1979,9000 Lake Washington Blvd NE,Bellevue,WA 98004,USA,47.6168299,-122.21989,7.419836951,744252.1791,1006890.864,,4
274,275,2014/6/20 0:00,1,0.75,380,15000,1.0,0,0,3,380,0,1963,2008,13602 8th Ave S,Burien,WA 98168,USA,47.4810719,-122.323082,6.321382729,356927.8881,235610.8801,,1
275,276,2014/6/20 0:00,3,2.25,3230,17833,2.0,0,0,4,3230,0,1973,0,12 Columbia Key,Bellevue,WA 98006,USA,47.5683576,-122.187804,6.565809527,744252.1791,784563.7119,,4
276,277,2014/6/21 0:00,3,2.5,2200,20000,1.0,0,1,3,1400,800,1952,2008,3244 112th Ave SE,Bellevue,WA 98004,USA,47.5809365,-122.1909254,6.008147177,744252.1791,1006890.864,,4
277,278,2014/6/22 0:00,2,1.75,1330,6000,1.0,0,0,4,960,370,1914,1945,3009 W Emerson St,Seattle,WA 98199,USA,47.6538631,-122.396055,7.034311525,524736.3964,702664.3075,,2
278,279,2014/6/23 0:00,3,2.0,1820,5000,1.5,0,0,4,1720,100,1941,1998,2160 50th Ave SW,Seattle,WA 98116,USA,47.5845689,-122.3949162,6.944897625,524736.3964,631788.2068,,3
279,280,2014/6/23 0:00,2,1.5,950,4625,1.0,0,0,4,950,0,1949,1985,8520 Interlake Ave N,Seattle,WA 98103,USA,47.6912065,-122.33994,7.364928303,524736.3964,562231.5262,,2
280,281,2014/6/23 0:00,3,1.75,1610,8613,1.0,0,0,5,1610,0,1962,0,10905 NE 48th St,Kirkland,WA 98033,USA,47.6526478,-122.1949135,6.593888452,608873.5936,778952.6428,,2
281,282,2014/6/23 0:00,1,1.0,720,5100,1.0,0,0,3,720,0,1907,1983,7325 18th Ave NW,Seattle,WA 98117,USA,47.6821146,-122.3803175,6.691289802,524736.3964,566274.0135,,2
282,283,2014/6/23 0:00,3,1.0,1150,5100,2.0,0,0,3,1150,0,1911,2005,3947 SW Austin St,Seattle,WA 98136,USA,47.5348685,-122.3840295,6.489937696,524736.3964,526090.4439,,2
283,284,2014/6/23 0:00,2,1.0,860,2599,1.0,0,0,4,860,0,1901,0,6301-6399 17th Ave NW,Seattle,WA 98107,USA,47.6745677,-122.3788829,6.872671382,524736.3964,557869.4872,,2
284,285,2014/6/23 0:00,2,1.5,1300,1676,1.0,0,2,3,1300,0,1943,2002,1407 19th Ave,Seattle,WA 98122,USA,47.6132809,-122.3079881,7.648732394,524736.3964,553625.6593,,3
285,286,2014/6/23 0:00,2,1.0,1080,3500,1.0,0,3,3,1080,0,1924,2011,5130 Palatine Ave N,Seattle,WA 98103,USA,47.6667122,-122.3561585,6.659849012,524736.3964,562231.5262,,2
286,287,2014/6/23 0:00,4,3.5,4230,20377,2.0,0,0,3,4230,0,1997,0,1646 100th Pl SE,Bellevue,WA 98004,USA,47.5954665,-122.206045,6.729794986,744252.1791,1006890.864,,4
287,288,2014/6/23 0:00,3,1.0,1480,6978,2.0,0,0,4,1480,0,1949,1985,4432 92nd Ave NE,Yarrow Point,WA 98004,USA,47.6495379,-122.2171155,7.849313332,1006890.864,1006890.864,,2
288,289,2014/6/23 0:00,3,2.75,2810,18731,2.0,1,4,4,2810,0,1974,0,2860 West Lake Sammamish Pkwy NE,Redmond,WA 98052,USA,47.636168,-122.0929271,6.482925956,662088.0748,628191.0085,,4
289,290,2014/6/23 0:00,2,1.0,970,4560,1.0,0,0,4,970,0,1907,0,4017 Corliss Ave N,Seattle,WA 98103,USA,47.6561315,-122.3317113,7.630203795,524736.3964,562231.5262,,2
290,291,2014/6/23 0:00,3,2.5,2190,11394,1.0,0,0,3,1550,640,1956,2001,5426 40th Ave W,Seattle,WA 98199,USA,47.6685721,-122.4090831,7.986453154,524736.3964,702664.3075,,3
291,292,2014/6/24 0:00,2,1.5,1200,1259,2.0,0,0,3,1000,200,2013,1923,301 27th Ave S,Seattle,WA 98144,USA,47.6002053,-122.2979638,6.27087975,524736.3964,572107.0769,,2
292,293,2014/6/24 0:00,4,1.75,2320,3825,1.5,0,0,5,1820,500,1926,0,128 NE 51st St,Seattle,WA 98105,USA,47.6659236,-122.3270232,6.388923562,524736.3964,781323.7677,,3
293,294,2014/6/24 0:00,2,1.5,830,1119,2.0,0,0,3,830,0,2005,0,2300 14th Ave S,Seattle,WA 98144,USA,47.5828469,-122.3142058,6.22281352,524736.3964,572107.0769,,2
294,295,2014/6/24 0:00,2,1.0,1270,5000,1.0,0,0,3,1090,180,1949,1998,7407-7411 28th Ave NW,Seattle,WA 98117,USA,47.6826689,-122.393367,7.465037373,524736.3964,566274.0135,,2
295,296,2014/6/24 0:00,3,2.5,2740,5925,2.0,0,2,3,2740,0,1913,1992,1226 22nd Ave E,Seattle,WA 98112,USA,47.6313219,-122.3032075,6.093873145,524736.3964,820713.3333,,4
296,297,2014/6/24 0:00,2,1.0,1130,2640,1.0,0,0,4,1130,0,1927,0,2617 Queen Anne Ave N,Seattle,WA 98109,USA,47.6438548,-122.3571625,6.201487345,524736.3964,883397.7273,,2
297,298,2014/6/24 0:00,2,2.0,1460,9052,1.0,0,2,5,1460,0,1900,0,1302 1st St,Kirkland,WA 98033,USA,47.6857469,-122.2082317,6.749957841,608873.5936,778952.6428,,3
298,299,2014/6/25 0:00,3,2.25,1270,1406,2.0,0,0,3,1060,210,2014,0,4757 41st Ave NE,Seattle,WA 98105,USA,47.664653,-122.2838229,7.697548551,524736.3964,781323.7677,,2
299,300,2014/6/25 0:00,3,1.5,1840,5000,1.5,0,0,5,1340,500,1915,0,330 NW 50th St,Seattle,WA 98107,USA,47.6651782,-122.3620885,6.249462045,524736.3964,557869.4872,,3
300,301,2014/6/25 0:00,3,1.5,1190,4750,1.0,0,0,3,970,220,1940,1996,2226 NW 60th St,Seattle,WA 98107,USA,47.6725685,-122.3859918,6.354485233,524736.3964,557869.4872,,2
301,302,2014/6/25 0:00,2,1.0,900,2910,1.0,0,0,5,900,0,1924,1956,519 NE 79th St,Seattle,WA 98115,USA,47.6858397,-122.3220702,6.309843182,524736.3964,608512.0641,,2
302,303,2014/6/25 0:00,2,1.0,1740,5719,1.0,0,0,3,1740,0,1955,2005,6116 Kirkwood Pl N,Seattle,WA 98103,USA,47.6728952,-122.3347765,6.26841953,524736.3964,562231.5262,,2
303,304,2014/6/25 0:00,3,2.0,2110,18815,2.0,0,0,5,2110,0,1979,0,2942 222nd Pl SE,Sammamish,WA 98075,USA,47.583446,-122.042558,7.157471853,684792.1369,742440.3647,,3
304,305,2014/6/25 0:00,3,1.5,2680,4775,2.0,0,2,5,1880,800,1913,0,1602 5th Ave N,Seattle,WA 98109,USA,47.6332991,-122.3469066,6.483773274,524736.3964,883397.7273,,4
305,306,2014/6/25 0:00,4,3.25,4250,8570,2.0,0,0,3,4250,0,2004,2003,511 98th Ave NE,Bellevue,WA 98004,USA,47.6153797,-122.2101211,6.626941088,744252.1791,1006890.864,,4
306,307,2014/6/25 0:00,3,1.5,1940,2885,1.5,0,2,3,1940,0,1900,2005,1228 9th Ave W,Seattle,WA 98119,USA,47.6307975,-122.3686734,6.605685906,524736.3964,748575.3623,,4
307,308,2014/6/26 0:00,3,2.5,2490,4000,2.0,0,0,5,1670,820,1918,0,2407 4th Ave N,Seattle,WA 98109,USA,47.6402373,-122.3498859,7.5402055,524736.3964,883397.7273,,4
308,309,2014/6/26 0:00,3,2.0,1480,3876,1.0,0,0,5,860,620,1928,1970,7028 20th Ave NW,Seattle,WA 98117,USA,47.6808217,-122.3818797,7.125540752,524736.3964,566274.0135,,3
309,310,2014/6/26 0:00,3,1.75,2450,2691,2.0,0,0,3,1750,700,1915,0,206 W Boston St,Seattle,WA 98119,USA,47.6385355,-122.3600455,6.06649877,524736.3964,748575.3623,,4
310,311,2014/6/26 0:00,4,3.5,3190,5040,2.0,0,3,3,2160,1030,2003,0,1120 33rd Ave S,Seattle,WA 98144,USA,47.5928123,-122.2900448,6.61204856,524736.3964,572107.0769,,4
311,312,2014/6/26 0:00,4,2.75,1750,5080,1.5,0,0,3,1750,0,1903,2005,1447 21st Ave,Seattle,WA 98122,USA,47.614306,-122.3052845,6.386564132,524736.3964,553625.6593,,3
312,313,2014/6/26 0:00,5,3.0,4480,5000,2.5,0,0,5,3420,1060,1902,0,923 14th Ave E,Seattle,WA 98112,USA,47.6275713,-122.3149423,6.580034195,524736.3964,820713.3333,,4
313,314,2014/6/26 0:00,3,1.5,1490,4400,1.5,0,0,4,1490,0,1906,1990,933 32nd Ave,Seattle,WA 98122,USA,47.6113572,-122.2917668,6.245656572,524736.3964,553625.6593,,3
314,315,2014/6/26 0:00,3,1.0,1210,9622,1.0,0,1,3,1210,0,1955,2009,12016 SE 42nd St,Bellevue,WA 98006,USA,47.5728294,-122.1791259,6.827466117,744252.1791,784563.7119,,2
315,316,2014/6/26 0:00,3,3.0,2480,5500,2.0,0,3,3,1730,750,1950,2005,2855 36th Ave W,Seattle,WA 98199,USA,47.6466655,-122.4040475,6.786488551,524736.3964,702664.3075,,4
316,317,2014/6/26 0:00,2,1.75,840,3340,1.0,0,0,3,700,140,1912,1994,5516 2nd Ave NW,Seattle,WA 98107,USA,47.6692327,-122.35879,6.210317765,524736.3964,557869.4872,,2
317,318,2014/6/26 0:00,2,1.0,620,2475,1.0,0,0,5,620,0,1911,1984,5001-5099 11th Ave NW,Seattle,WA 98107,USA,47.6650452,-122.370768,6.553689283,524736.3964,557869.4872,,2
318,319,2014/6/27 0:00,1,1.25,1100,638,3.0,0,0,3,1100,0,2014,0,416 19th Ave E,Seattle,WA 98112,USA,47.6227603,-122.3070153,7.621579748,524736.3964,820713.3333,,2
319,320,2014/6/27 0:00,3,2.5,1060,1536,2.0,0,0,3,1060,0,2000,0,2922 NW 85th St,Seattle,WA 98117,USA,47.6907107,-122.3950677,6.054721365,524736.3964,566274.0135,,2
320,321,2014/6/27 0:00,1,1.0,700,2500,1.0,0,0,4,700,0,1907,0,4108 25th Ave SW,Seattle,WA 98106,USA,47.5662058,-122.3641149,6.235924223,524736.3964,297248.718,,1
321,322,2014/6/27 0:00,2,1.5,1640,4080,1.5,0,0,5,1540,100,1916,0,4532 Latona Ave NE,Seattle,WA 98105,USA,47.6623673,-122.324806,6.083801,524736.3964,781323.7677,,3
322,323,2014/6/27 0:00,2,0.75,840,40642,1.0,1,4,4,840,0,1937,0,8907 SW Quartermaster Dr,Vashon,WA 98070,USA,47.4039609,-122.4470276,7.035801673,454275.0,454275.0,,2
323,324,2014/6/27 0:00,3,2.25,1490,1212,2.0,0,0,3,1040,450,2011,0,425 15th Ave E,Seattle,WA 98112,USA,47.622678,-122.3129877,6.646373546,524736.3964,820713.3333,,2
324,325,2014/6/27 0:00,3,1.5,1200,6240,1.0,0,0,3,1030,170,1952,2008,326 36th Ave E,Seattle,WA 98112,USA,47.6221794,-122.2868937,7.278686273,524736.3964,820713.3333,,2
325,326,2014/6/27 0:00,3,2.25,1670,4800,1.5,0,3,3,1670,0,1903,2005,715 W Howe St,Seattle,WA 98119,USA,47.6357768,-122.3671493,7.325579127,524736.3964,748575.3623,,4
326,327,2014/6/27 0:00,2,1.0,1110,3200,1.0,0,0,3,1110,0,1925,2002,1604 1st Ave W,Seattle,WA 98119,USA,47.6338083,-122.3580446,6.140356487,524736.3964,748575.3623,,1
327,328,2014/6/28 0:00,3,4.25,2820,7200,2.0,0,0,4,2460,360,1930,0,3221 E Morley Way,Seattle,WA 98112,USA,47.6297508,-122.2899065,7.443234216,524736.3964,820713.3333,,4
328,329,2014/6/28 0:00,2,1.0,1050,2542,1.0,0,0,3,880,170,1904,0,1723 27th Ave,Seattle,WA 98122,USA,47.6172122,-122.2977817,7.015514877,524736.3964,553625.6593,,1
329,330,2014/6/29 0:00,2,1.0,840,3400,1.0,0,2,4,840,0,1924,0,2423 11th Ave W,Seattle,WA 98119,USA,47.640321,-122.3719101,6.029934669,524736.3964,748575.3623,,2
330,331,2014/6/30 0:00,2,1.5,1190,3400,1.0,0,0,3,990,200,1919,2001,6008 8th Ave NE,Seattle,WA 98115,USA,47.6725466,-122.3198706,6.263243443,524736.3964,608512.0641,,2
331,332,2014/6/30 0:00,1,1.5,1010,5750,1.0,0,0,3,1010,0,1911,1948,4611 SW Maple Way,Seattle,WA 98136,USA,47.5410865,-122.3919527,6.303965318,524736.3964,526090.4439,,2
332,333,2014/6/30 0:00,4,1.75,2010,6300,1.0,0,2,5,1610,400,1937,0,2827 43rd Ave W,Seattle,WA 98199,USA,47.6457613,-122.4123333,7.513827988,524736.3964,702664.3075,,4
333,334,2014/6/30 0:00,4,3.75,4350,7965,2.0,0,0,3,4350,0,2013,1923,2000-2098 102nd Ave NE,Bellevue,WA 98004,USA,47.6288432,-122.2049848,6.954662739,744252.1791,1006890.864,,4
334,335,2014/6/30 0:00,2,2.5,1780,2067,2.0,0,0,5,1780,0,1974,0,223 98th Ave NE,Bellevue,WA 98004,USA,47.6132387,-122.2101858,7.481604563,744252.1791,1006890.864,,4
335,336,2014/6/30 0:00,4,2.5,2680,12215,1.0,1,4,3,1590,1090,1956,2001,18051 Normandy Terrace SW,Normandy Park,WA 98166,USA,47.4395868,-122.3532552,6.643119389,488298.4375,429520.1492,,4
336,337,2014/6/30 0:00,3,1.75,2200,14630,1.5,0,1,3,2200,0,1948,2003,9329 SE Shoreland Dr,Bellevue,WA 98004,USA,47.6072157,-122.2129283,7.318640613,744252.1791,1006890.864,,4
337,338,2014/6/30 0:00,4,1.5,1800,3245,1.5,0,0,4,1800,0,1929,0,2304 N 44th St,Seattle,WA 98103,USA,47.6604452,-122.3310218,6.282164826,524736.3964,562231.5262,,3
338,339,2014/6/30 0:00,4,2.0,2120,3360,2.0,0,0,3,2120,0,1905,2010,420 17th Ave E,Seattle,WA 98112,USA,47.622755,-122.309707,7.425945557,524736.3964,820713.3333,,4
339,340,2014/7/1 0:00,2,2.5,1160,1458,2.0,0,0,3,1040,120,2012,1912,2067 Gilman Dr W,Seattle,WA 98119,USA,47.6383873,-122.3732358,7.671217078,524736.3964,748575.3623,,2
340,341,2014/7/1 0:00,3,1.75,1110,9012,1.0,0,0,4,1110,0,1966,0,5321-5327 156th Dr NE,Redmond,WA 98052,USA,47.6560949,-122.1312741,6.103159041,662088.0748,628191.0085,,2
341,342,2014/7/1 0:00,6,2.75,2630,9420,2.0,0,0,5,2510,120,1900,0,5529 Wallingford Ave N,Seattle,WA 98103,USA,47.6695326,-122.3368848,7.486073089,524736.3964,562231.5262,,4
342,343,2014/7/1 0:00,2,1.0,950,4500,1.0,0,2,3,850,100,1926,2003,4024 Phinney Ave N,Seattle,WA 98103,USA,47.6562323,-122.3541929,7.620519375,524736.3964,562231.5262,,2
343,344,2014/7/1 0:00,5,5.5,7050,42840,1.0,0,2,4,4320,2730,1978,2000,1365 91st Ave NE,Clyde Hill,WA 98004,USA,47.6230067,-122.2196145,7.838340025,1151600.0,1006890.864,,4
344,345,2014/7/1 0:00,2,2.25,1540,965,3.0,0,0,3,1540,0,2007,0,1816 11th Ave,Seattle,WA 98122,USA,47.6180801,-122.3180164,6.200420125,524736.3964,553625.6593,,2
345,346,2014/7/1 0:00,2,1.0,1050,5000,1.0,0,0,5,1050,0,1907,0,5609 9th Ave NW,Seattle,WA 98107,USA,47.669875,-122.3689664,7.145394407,524736.3964,557869.4872,,2
346,347,2014/7/1 0:00,2,1.0,800,2280,1.0,0,0,5,800,0,1946,0,4235 4th Ave NW,Seattle,WA 98107,USA,47.6587886,-122.3621546,6.991375451,524736.3964,557869.4872,,2
347,348,2014/7/1 0:00,3,3.25,3140,5445,2.0,0,3,4,2240,900,1913,0,471 Wheeler St,Seattle,WA 98109,USA,47.6405826,-122.3474245,7.277825469,524736.3964,883397.7273,,4
348,349,2014/7/1 0:00,4,1.75,2130,5080,1.5,0,0,3,2130,0,1914,1993,2572 5th Ave W,Seattle,WA 98119,USA,47.642731,-122.3633053,6.225591446,524736.3964,748575.3623,,4
349,350,2014/7/1 0:00,4,2.75,3770,10900,2.0,0,2,5,3070,700,1924,1956,3333 S Plum St,Seattle,WA 98144,USA,47.5849182,-122.2901254,6.072687499,524736.3964,572107.0769,,4
350,351,2014/7/1 0:00,4,4.75,3970,9778,2.0,0,2,4,3390,580,1928,0,1323 Willard Ave W,Seattle,WA 98119,USA,47.6312091,-122.3660117,7.544822512,524736.3964,748575.3623,,4
351,352,2014/7/1 0:00,3,1.0,1640,12855,1.5,0,0,5,1500,140,1920,0,720 96th Ave NE,Bellevue,WA 98004,USA,47.6168566,-122.2120269,7.97278442,744252.1791,1006890.864,,3
352,353,2014/7/1 0:00,4,2.75,2970,12750,1.5,0,1,4,2130,840,1918,1986,9563 NE 1st St,Bellevue,WA 98004,USA,47.6134836,-122.2132337,6.45713441,744252.1791,1006890.864,,4
353,354,2014/7/1 0:00,3,2.25,3530,17450,1.0,1,3,3,1840,1690,1930,1993,7436 E Mercer Way,Mercer Island,WA 98040,USA,47.5357669,-122.2129867,7.56826438,1041572.527,1041572.527,,4
354,355,2014/7/1 0:00,2,1.0,910,2002,1.5,0,0,3,910,0,1900,2005,100 20th Ave E,Seattle,WA 98112,USA,47.6186897,-122.3057353,7.438952486,524736.3964,820713.3333,,1
355,356,2014/7/1 0:00,1,0.75,370,1801,1.0,0,0,5,370,0,1923,0,2508 NW 67th St,Seattle,WA 98117,USA,47.6778934,-122.3891541,7.686600592,524736.3964,566274.0135,,2
356,357,2014/7/2 0:00,2,2.5,3180,9400,2.0,0,4,5,2610,570,1985,0,4631 Somerset Ave SE,Bellevue,WA 98006,USA,47.561561,-122.1579033,7.572717497,744252.1791,784563.7119,,4
357,358,2014/7/2 0:00,2,1.5,830,1858,2.0,0,0,3,830,0,2005,0,2300 14th Ave S,Seattle,WA 98144,USA,47.5828469,-122.3142058,6.78517163,524736.3964,572107.0769,,2
358,359,2014/7/2 0:00,3,2.25,1320,1800,2.0,0,0,3,1320,0,1994,0,3404 E Cherry St,Seattle,WA 98122,USA,47.6080461,-122.2889628,6.922778371,524736.3964,553625.6593,,2
359,360,2014/7/2 0:00,2,1.5,1570,3600,1.5,0,2,4,1320,250,1906,1990,1922 5th Ave W,Seattle,WA 98119,USA,47.6366354,-122.3633423,7.736158345,524736.3964,748575.3623,,3
360,361,2014/7/2 0:00,4,2.25,1950,5950,1.0,0,0,3,1330,620,1947,2012,2220 5th Ave N,Seattle,WA 98109,USA,47.6389599,-122.3468616,7.121432887,524736.3964,883397.7273,,3
361,362,2014/7/2 0:00,3,2.0,1340,7200,1.5,0,0,4,1340,0,1923,0,4714 54th Ave S,Seattle,WA 98118,USA,47.5600925,-122.2653019,6.016303029,524736.3964,432833.9803,,2
362,363,2014/7/2 0:00,2,1.0,1500,4000,1.0,0,0,3,1100,400,1933,0,2401-2599 Lorentz Pl N,Seattle,WA 98109,USA,47.6404015,-122.3534795,7.383910992,524736.3964,883397.7273,,2
363,364,2014/7/2 0:00,4,1.75,2610,21600,1.0,0,0,4,2610,0,1966,0,1509 85th Ave NE,Clyde Hill,WA 98004,USA,47.6244981,-122.227419,6.582718683,1151600.0,1006890.864,,4
364,365,2014/7/2 0:00,2,1.0,900,9260,1.0,0,0,3,900,0,1946,0,219 NW 56th St,Seattle,WA 98107,USA,47.6695535,-122.3599268,6.105793712,524736.3964,557869.4872,,2
365,366,2014/7/2 0:00,4,3.25,4040,18916,1.0,0,0,4,4040,0,1954,1979,7623 Overlake Dr W,Medina,WA 98039,USA,47.6155649,-122.2378843,6.271764653,1723250.0,1723250.0,,4
366,367,2014/7/2 0:00,4,1.75,1440,13296,1.0,0,0,4,1440,0,1967,0,10208 NE 26th St,Bellevue,WA 98004,USA,47.6340756,-122.2039168,6.856239123,744252.1791,1006890.864,,3
367,368,2014/7/3 0:00,3,1.5,1380,4500,1.0,0,0,5,1380,0,1960,0,2719 63rd Ave SE,Mercer Island,WA 98040,USA,47.5865906,-122.2499846,7.584857834,1041572.527,1041572.527,,2
368,369,2014/7/3 0:00,3,1.75,1630,1526,3.0,0,0,3,1630,0,2014,0,3644 Phinney Ave N,Seattle,WA 98103,USA,47.6535839,-122.3541712,6.026440102,524736.3964,562231.5262,,2
369,370,2014/7/3 0:00,3,1.0,1240,5000,1.5,0,0,5,1240,0,1909,1988,820 NW 64th St,Seattle,WA 98107,USA,47.6754973,-122.3670696,6.463905756,524736.3964,557869.4872,,2
370,371,2014/7/3 0:00,3,1.5,1520,9041,1.0,0,0,4,1520,0,1954,1979,9530 NE 5th St,Bellevue,WA 98004,USA,47.6156184,-122.2129707,7.495268708,744252.1791,1006890.864,,3
371,372,2014/7/3 0:00,4,3.25,2980,3600,2.0,0,0,3,2150,830,1999,0,1820 38th Ave E,Seattle,WA 98112,USA,47.6352382,-122.2836516,7.819219427,524736.3964,820713.3333,,4
372,373,2014/7/3 0:00,4,4.25,5010,19412,2.0,0,1,3,4000,1010,2014,0,6410 E Mercer Way,Mercer Island,WA 98040,USA,47.5455322,-122.2116781,6.14522021,1041572.527,1041572.527,,4
373,374,2014/7/3 0:00,4,3.25,3930,10929,2.0,0,0,3,3930,0,2006,0,10924 NE 18th Pl,Bellevue,WA 98004,USA,47.6259113,-122.1938228,6.005649117,744252.1791,1006890.864,,4
374,375,2014/7/3 0:00,3,2.0,2360,4800,2.0,0,0,3,2360,0,1909,2014,1242 15th Ave E,Seattle,WA 98112,USA,47.6318777,-122.312113,7.610379117,524736.3964,820713.3333,,4
375,376,2014/7/4 0:00,3,1.5,1300,7200,1.0,0,0,5,1300,0,1960,0,619 9th Ave,Kirkland,WA 98033,USA,47.6819431,-122.1961248,6.782952974,608873.5936,778952.6428,,2
376,377,2014/7/5 0:00,4,2.5,2700,4275,2.0,0,0,3,2700,0,2004,2003,124 NE 60th St,Seattle,WA 98115,USA,47.6724441,-122.3269898,6.947832436,524736.3964,608512.0641,,4
377,378,2014/7/5 0:00,4,2.25,2920,6513,2.0,0,0,4,2260,660,1937,0,1987 Shenandoah Dr E,Seattle,WA 98112,USA,47.6380009,-122.290222,6.702844328,524736.3964,820713.3333,,4
378,379,2014/7/6 0:00,4,2.5,3160,4620,1.5,0,4,3,2020,1140,1917,2005,1730 Walnut Ave SW,Seattle,WA 98116,USA,47.5874159,-122.3819949,6.571730175,524736.3964,631788.2068,,4
379,380,2014/7/7 0:00,3,1.5,1820,12686,1.0,0,0,4,1820,0,1952,0,2424 109th Ave SE,Bellevue,WA 98004,USA,47.5886354,-122.1948025,7.807228134,744252.1791,1006890.864,,3
380,381,2014/7/7 0:00,2,2.25,1060,1209,2.0,0,0,3,940,120,2006,0,2000 Yale Ave E,Seattle,WA 98102,USA,47.6369051,-122.326857,7.492174289,524736.3964,894348.4615,,2
381,382,2014/7/7 0:00,3,2.5,3110,6765,2.0,0,1,4,2550,560,1946,1989,8240 Fairway Dr NE,Seattle,WA 98115,USA,47.6886337,-122.2759318,7.735368295,524736.3964,608512.0641,,4
382,383,2014/7/7 0:00,2,1.5,1130,746,2.0,0,0,3,1030,100,2009,0,5412 6th Ave NW,Seattle,WA 98107,USA,47.668362,-122.3630278,6.193059766,524736.3964,557869.4872,,2
383,384,2014/7/7 0:00,4,2.25,2360,4000,2.0,0,0,3,2360,0,2013,1923,186 34th Ave E,Seattle,WA 98112,USA,47.6196268,-122.2887672,6.616319159,524736.3964,820713.3333,,4
384,385,2014/7/8 0:00,4,2.75,2310,4020,3.0,0,0,5,2310,0,1979,0,1602 32nd Ave,Seattle,WA 98122,USA,47.6154121,-122.2911246,6.374711984,524736.3964,553625.6593,,3
385,386,2014/7/8 0:00,3,2.5,3490,8343,2.0,1,4,4,2150,1340,1939,1991,Burke-Gilman Trail,Seattle,WA 98125,USA,47.7173652,-122.2787324,7.771764219,524736.3964,433625.5814,,4
386,387,2014/7/8 0:00,3,1.5,1010,7683,1.5,0,0,5,1010,0,1953,0,12500-12578 10th Ave NE,Seattle,WA 98125,USA,47.7197682,-122.3181417,6.273761059,524736.3964,433625.5814,,2
387,388,2014/7/8 0:00,2,1.0,880,4000,1.0,0,0,3,880,0,1940,1996,7554 Jones Ave NW,Seattle,WA 98117,USA,47.6847569,-122.3862118,7.587637041,524736.3964,566274.0135,,2
388,389,2014/7/8 0:00,4,2.75,2250,3433,1.5,0,0,3,1500,750,1927,2013,2052 Boyer Ave E,Seattle,WA 98112,USA,47.6381324,-122.3070886,7.402240902,524736.3964,820713.3333,,4
389,390,2014/7/8 0:00,6,2.75,4710,11000,2.0,0,3,3,3690,1020,1931,0,4530 51st Ave NE,Seattle,WA 98105,USA,47.6622072,-122.2722025,6.715940923,524736.3964,781323.7677,,4
390,391,2014/7/8 0:00,2,2.0,1170,1890,1.5,0,1,4,1170,0,1927,0,2425 Westview Dr W,Seattle,WA 98119,USA,47.6402904,-122.3710394,6.394430523,524736.3964,748575.3623,,3
391,392,2014/7/9 0:00,1,1.0,730,1942,1.0,0,0,3,730,0,2008,0,924 26th Ave S,Seattle,WA 98144,USA,47.5938654,-122.29884,7.255733275,524736.3964,572107.0769,,1
392,393,2014/7/9 0:00,4,2.5,2230,4372,2.0,0,0,5,1540,690,1935,0,5641 Keystone Pl N,Seattle,WA 98103,USA,47.669792,-122.3340221,6.014200789,524736.3964,562231.5262,,3
393,394,2014/7/9 0:00,4,2.5,2920,5500,1.0,0,3,3,2030,890,1957,2000,2440 Magnolia Blvd W,Seattle,WA 98199,USA,47.6408018,-122.4118498,6.280677472,524736.3964,702664.3075,,4
394,395,2014/7/9 0:00,3,1.0,1410,7200,2.0,0,0,4,1410,0,1901,0,1122A 23rd Ave S,Seattle,WA 98144,USA,47.5924405,-122.3021308,6.467904246,524736.3964,572107.0769,,2
395,396,2014/7/9 0:00,3,1.0,1240,3500,1.0,0,0,4,1240,0,1927,0,768 N 75th St,Seattle,WA 98103,USA,47.6834977,-122.3469879,6.847764056,524736.3964,562231.5262,,2
396,397,2014/7/9 0:00,2,1.0,780,3910,1.0,0,0,3,780,0,1918,0,4112 38th Ave SW,Seattle,WA 98126,USA,47.5660336,-122.3797873,6.180489422,524736.3964,423881.4196,,1
397,398,2014/7/9 0:00,2,1.0,1010,9219,1.0,0,0,4,1010,0,1960,2001,1641-1699 4th St,Kirkland,WA 98033,USA,47.6884637,-122.2018348,6.512094469,608873.5936,778952.6428,,2
398,399,2014/7/9 0:00,5,3.0,4290,20445,2.0,0,0,4,4290,0,1985,0,1209 Evergreen Point Rd,Medina,WA 98039,USA,47.6217731,-122.2393901,7.514134987,1723250.0,1723250.0,,4
399,400,2014/7/10 0:00,2,1.0,670,6300,1.0,0,0,5,670,0,1942,0,9716 33rd Ave SW,Seattle,WA 98126,USA,47.5161783,-122.3742199,6.111815838,524736.3964,423881.4196,,1
